Feature,Importance,Std
away_shots_against_ewm10,0.01875000000000001,0.012183492931011201
away_clean_sheet_l10,0.008750000000000013,0.010155048005794955
home_history_n,0.005000000000000027,0.006123724356957944
home_points_l5,0.005000000000000016,0.006434768838116875
home_shots_against_ewm10,0.005000000000000016,0.021883926750014496
away_shots_for_ewm10,0.0006249999999999977,0.016225943732183966
PPD,0.0,0.0
PPH,0.0,0.0
PPA,0.0,0.0
SKBH,0.0,0.0
SKBCH,0.0,0.0
PPCA,0.0,0.0
SKBCA,0.0,0.0
SKBCD,0.0,0.0
PPCH,0.0,0.0
PPCD,0.0,0.0
SKBD,0.0,0.0
SKBA,0.0,0.0
HomeTeamPointsLast5,0.0,0.0
AwayRestDays,0.0,0.0
AwayTeamPointsLast5,0.0,0.0
HomeRestDays,0.0,0.0
home_goal_diff_l10,-0.0018749999999999934,0.012437342963832754
home_goals_for_l5,-0.003749999999999987,0.007234898064243898
away_goal_diff_l10,-0.004374999999999995,0.013199195051214292
away_history_n,-0.006874999999999976,0.00824431622392058
away_points_l5,-0.006874999999999987,0.008244316223920587
away_goals_for_l5,-0.011249999999999993,0.011110243021644487
home_rest_days,-0.011874999999999991,0.011592023119369644
home_shots_for_ewm10,-0.01812499999999998,0.010345590848279284
away_goals_against_l5,-0.01875,0.0048412291827592754
away_rest_days,-0.019374999999999976,0.012086924753633568
home_clean_sheet_l10,-0.019374999999999986,0.008003905296791068
home_goals_against_l5,-0.031875,0.01142229180156066
