Feature,Mean_SHAP
away_history_n,0.4569327
home_shots_against_ewm10,0.2922528
home_history_n,0.288106
away_shots_for_ewm10,0.26602304
home_shots_for_ewm10,0.21096866
away_shots_against_ewm10,0.20343189
home_rest_days,0.19573839
away_rest_days,0.17442614
home_goals_against_l5,0.15589193
away_goals_for_l5,0.15551335
home_goal_diff_l10,0.15227968
away_goal_diff_l10,0.13494945
home_goals_for_l5,0.1284223
away_clean_sheet_l10,0.118028134
away_points_l5,0.076335706
home_points_l5,0.075985104
home_clean_sheet_l10,0.068996094
away_goals_against_l5,0.06747087
PPD,0.0
PPH,0.0
SKBCA,0.0
SKBCD,0.0
PPCH,0.0
PPCD,0.0
PPCA,0.0
SKBCH,0.0
SKBH,0.0
PPA,0.0
SKBD,0.0
SKBA,0.0
HomeTeamPointsLast5,0.0
AwayTeamPointsLast5,0.0
HomeRestDays,0.0
AwayRestDays,0.0
