TeamID	Team	FormString	TotalPlayed	TotalWins	TotalDraws	TotalLosses	HomeWins	AwayWins	GoalsForTotal	GoalsAgainstTotal	GoalsForAvgHome	GoalsForAvgAway	GoalsAgainstAvgHome	GoalsAgainstAvgAway	GoalsFor_0_15	GoalsFor_16_30	GoalsFor_31_45	GoalsFor_46_60	GoalsFor_61_75	GoalsFor_76_90	GoalsFor_91_105	GoalsAgainst_76_90	CleanSheetHome	CleanSheetAway	CleanSheetTotal	FailedToScoreHome	FailedToScoreAway	PenaltyScored	PenaltyMissed	BiggestWinHome	BiggestWinAway	BiggestLossHome	BiggestStreakWins	BiggestStreakDraws	BiggestStreakLoses	MostUsedFormation
40	Liverpool	WWWLWWWWDWWWWDDWWWDDWWWDWDWWWWLWWWLDLD	38	25	9	4	14	11	86	41	2.2	2.3	0.8	1.3	9	16	11	17	17	15	2	6	6	8	14	1	0	9	0	5-1	0-5	0-1	4	2	1	4-2-3-1
42	Arsenal	WWDWDWWLDLDWWWDDWWWDWDWWWLDDWWDDWDLDWW	38	20	14	4	11	9	69	34	1.8	1.8	0.9	0.9	8	9	12	15	12	9	2	3	7	6	13	2	3	2	0	5-1	1-5	1-2	3	2	1	4-3-3
50	Man City	WWWWDDWWWLLLLWDLLDWWDWWLWLWLDWDWWWWDWW	38	21	8	9	13	8	72	44	2.3	1.5	1.2	1.1	12	14	15	10	6	11	5	9	5	8	13	2	4	3	1	4-0	0-6	0-4	4	2	4	4-2-3-1
49	Chelsea	LWDWWWDLWDDWWWWWDLLDDWLWLLWWLWDDWWWLWW	38	20	9	9	12	8	64	43	1.8	1.5	0.9	1.3	10	11	8	10	9	10	3	8	6	5	11	1	6	4	1	4-0	2-6	0-2	5	2	2	4-2-3-1
34	Newcastle	WDWWLDDLLWWLDDLWWWWWWLWLLWLWWWWWLWDWLL	38	20	6	12	12	8	68	47	2.1	1.5	1.1	1.4	10	9	12	19	8	9	1	5	8	5	13	3	4	5	1	5-0	0-4	1-4	6	2	2	4-3-3
66	Aston Villa	WLWWWDDWDLLDLWWLWLDWWDDLDDWLWWWWWLWWWL	38	19	9	10	11	8	58	51	1.8	1.3	1.1	1.6	8	6	7	13	10	9	3	8	4	5	9	2	5	3	3	4-1	0-3	0-2	5	2	2	4-2-3-1
65	Nott'm Forest	DWDWDLDWWWLLWLWWWWWWDWLWLLDWWWLLWLDDWL	38	19	8	11	9	10	58	46	1.4	1.7	0.8	1.6	11	9	8	9	11	6	3	8	8	5	13	5	3	3	0	7-0	0-3	1-3	6	2	2	4-2-3-1
51	Brighton	WWDDDLWWDLWWDLDLDDDDWWLLWWWWDLLDLWDWWW	38	16	13	9	8	8	66	59	1.6	1.9	1.4	1.7	8	7	12	13	7	15	4	9	3	5	8	4	1	7	0	3-0	0-4	0-3	4	4	2	4-2-3-1
35	Bournemouth	DDWLLWLWDWLLWWWDWDDWDWWLWLLDLLDWDDWLLW	38	15	11	12	8	7	58	46	1.2	1.8	0.8	1.6	7	7	6	4	13	11	9	7	7	2	9	5	3	6	1	5-0	1-4	0-2	3	2	2	4-2-3-1
55	Brentford	WLWLLDWLWLWDWLWLLDLWDLWLWWDLWLDDWWWWLD	38	16	8	14	9	7	66	57	2.1	1.4	1.8	1.2	9	16	6	14	11	7	5	9	1	7	8	5	3	5	1	4-1	0-5	1-3	4	2	2	4-2-3-1
36	Fulham	LWDDWWLLDWWLDWDDDWDDLWLWWLWLWLWLLWLLWL	38	15	9	14	7	8	54	54	1.4	1.4	1.6	1.3	7	9	6	5	12	9	7	8	2	3	5	4	3	3	1	3-1	0-2	1-4	2	3	2	4-2-3-1
52	Crystal Palace	LLDDDLLLWDLDDWDWLDWDWWLWLWWWDWLLDDDWWD	38	13	14	11	6	7	51	51	1.3	1.4	1.4	1.3	7	5	6	16	3	11	4	8	4	7	11	5	3	3	1	4-1	1-3	1-5	3	3	3	3-4-2-1
45	Everton	LLLLDWDWDLDDLWDDDLLLWWWDWDDDDLDWLLDWWW	38	11	15	12	5	6	42	44	1.4	0.8	1.2	1.1	7	6	8	8	3	3	4	10	6	6	12	7	8	2	0	4-0	1-3	0-3	3	4	4	4-2-3-1
48	West Ham	LWLDLDWLWLDWLLWDDWLLWLDLLWWLDLDLDLDWLW	38	11	10	17	5	6	46	62	1.2	1.2	1.8	1.5	3	4	9	11	12	4	3	13	2	5	7	6	2	3	0	4-1	1-3	0-5	2	2	2	4-2-3-1
33	Man United	WLLWDLDWLDWDWLLWLLLDWLWLLDWDWLDLLDLLLW	38	11	9	18	7	4	44	54	1.2	1.1	1.5	1.4	2	6	6	6	6	14	4	5	5	5	10	8	7	4	0	4-0	0-3	0-3	1	1	3	3-4-2-1
39	Wolves	LLDLLLLLDDWWLLLLWWDLLLLWLWLDWWWWWWLLLD	38	12	6	20	6	6	54	69	1.4	1.4	1.7	1.9	9	8	7	9	11	7	5	9	5	3	8	3	4	0	0	3-0	1-4	2-6	6	2	5	3-4-2-1
47	Tottenham	DWLLWWLWLWLWDLLWLLDLLLLWWWLDLLWLLLDLLL	38	11	5	22	6	5	64	65	1.8	1.5	1.8	1.6	15	10	7	10	6	12	5	9	2	4	6	3	6	3	1	4-0	0-5	3-6	3	1	4	4-3-3
46	Leicester	DLLDDLWWLDLLLWDLLLLLLLWLLLLLLLLDLLWDWL	38	6	7	25	4	2	33	80	0.8	0.9	1.8	2.4	2	7	5	5	9	3	5	13	3	0	3	9	8	2	1	3-1	2-3	0-4	2	2	8	4-2-3-1
57	Ipswich	LLDDDDLLLDWDLLLWLLWDLLLLDLLLLWLDLLDLLL	38	4	10	24	1	3	36	82	0.7	1.2	2.3	2.0	6	5	10	7	2	4	3	13	1	1	2	8	6	2	0	2-0	1-2	0-6	1	4	4	4-2-3-1
41	Southampton	LLLLDLLLLWLLDLLLDLLLLLLWLLLLLDLLDLLDLL	38	2	6	30	1	1	26	86	0.7	0.7	2.5	2.1	6	3	1	7	2	3	3	12	2	1	3	8	8	0	2	1-0	1-2	0-5	1	1	6	5-4-1
