match_id	league_id	season	match_date	kickoff_utc	status	home_team_id_provider	away_team_id_provider	home_team_name_provider	away_team_name_provider	home_team	away_team	score_home	score_away	round_name	observed_at	provider_schema_version	league_key	fixture_id	home_team_id	away_team_id
m_2KvD5f	l_4WFCIZ	2026/2027	2026-08-21	2026-08-21T19:00:00+00:00	finished	t_1gkhxH	t_0C4xyR	Arsenal	Coventry City	Arsenal	Coventry City	3.0	0.0		2026-10-02T15:39:24.145834+00:00	2	epl			
m_1KEbhz	l_4WFCIZ	2026/2027	2026-08-22	2026-08-22T11:30:00+00:00	finished	t_0HV3k6	t_2I313i	Hull City	Manchester United	Hull City	Manchester United	2.0	0.0		2026-10-02T15:39:24.145834+00:00	2	epl			
m_0zwDgT	l_4WFCIZ	2026/2027	2026-08-22	2026-08-22T14:00:00+00:00	finished	t_2C9laO	t_2xPV6y	Ipswich Town	Sunderland	Ipswich Town	Sunderland	2.0	1.0		2026-10-02T15:39:24.145834+00:00	2	epl			
m_35kfRG	l_4WFCIZ	2026/2027	2026-08-22	2026-08-22T14:00:00+00:00	finished	t_21IR9d	t_4bz4EP	Everton	Crystal Palace	Everton	Crystal Palace	2.0	0.0		2026-10-02T15:39:24.145834+00:00	2	epl	fx:4814199a03db697142fc	epl:everton	epl:crystal-palace
m_4XaKJV	l_4WFCIZ	2026/2027	2026-08-22	2026-08-22T14:00:00+00:00	finished	t_0msSwp	t_19Nr9K	Nottingham Forest	Leeds United	Nottingham Forest	Leeds United	0.0	1.0		2026-10-02T15:39:24.145834+00:00	2	epl	fx:b6ee5683ed2d1c81a95c	epl:nott-m-forest	epl:leeds
m_4c9pFe	l_4WFCIZ	2026/2027	2026-08-22	2026-08-22T16:30:00+00:00	finished	t_2ihyjC	t_4A7FfD	Brentford	Tottenham Hotspur	Brentford	Tottenham Hotspur	3.0	0.0		2026-10-02T15:39:24.145834+00:00	2	epl	fx:a30286d1f158bd7445b8	epl:brentford	epl:tottenham
m_3VaqwY	l_4WFCIZ	2026/2027	2026-08-23	2026-08-23T13:00:00+00:00	finished	t_0UCNPX	t_1iaglr	Manchester City	AFC Bournemouth	Manchester City	AFC Bournemouth	2.0	1.0		2026-10-02T15:39:24.145834+00:00	2	epl	fx:4b237e8a7cc5eb2940af	epl:man-city	epl:bournemouth
m_3hAL4q	l_4WFCIZ	2026/2027	2026-08-23	2026-08-23T13:00:00+00:00	finished	t_3eV7Ev	t_4RqKpo	Brighton & Hove Albion	Aston Villa	Brighton & Hove Albion	Aston Villa	4.0	0.0		2026-10-02T15:39:24.145834+00:00	2	epl	fx:1549bb04ec6234bfa3b1	epl:brighton	epl:aston-villa
m_43Y466	l_4WFCIZ	2026/2027	2026-08-23	2026-08-23T15:30:00+00:00	finished	t_2eQl9k	t_0BrMnM	Newcastle United	Liverpool	Newcastle United	Liverpool	2.0	2.0		2026-10-02T15:39:24.145834+00:00	2	epl	fx:8449404dd056efaacb96	epl:newcastle	epl:liverpool
m_1Bhobw	l_4WFCIZ	2026/2027	2026-08-24	2026-08-24T19:00:00+00:00	finished	t_1c1ZPD	t_4R934X	Fulham	Chelsea	Fulham	Chelsea	2.0	3.0		2026-10-02T15:39:24.145834+00:00	2	epl	fx:3c272092f199e46f9f29	epl:fulham	epl:chelsea
m_4HsQJz	l_4WFCIZ	2026/2027	2026-08-28	2026-08-28T19:00:00+00:00	finished	t_4bz4EP	t_0UCNPX	Crystal Palace	Manchester City	Crystal Palace	Manchester City	1.0	4.0		2026-10-02T15:39:24.145834+00:00	2	epl	fx:c2ec046f5d4f7e0b3f60	epl:crystal-palace	epl:man-city
m_1Mu6Gm	l_4WFCIZ	2026/2027	2026-08-29	2026-08-29T11:30:00+00:00	finished	t_0BrMnM	t_0msSwp	Liverpool	Nottingham Forest	Liverpool	Nottingham Forest	2.0	2.0		2026-10-02T15:39:24.145834+00:00	2	epl	fx:ab96fe8b923b13142547	epl:liverpool	epl:nott-m-forest
m_2e2xAh	l_4WFCIZ	2026/2027	2026-08-29	2026-08-29T14:00:00+00:00	finished	t_0C4xyR	t_0HV3k6	Coventry City	Hull City	Coventry City	Hull City	0.0	1.0		2026-10-02T15:39:24.145834+00:00	2	epl			
m_48Rd6p	l_4WFCIZ	2026/2027	2026-08-29	2026-08-29T14:00:00+00:00	finished	t_1iaglr	t_21IR9d	AFC Bournemouth	Everton	AFC Bournemouth	Everton	1.0	1.0		2026-10-02T15:39:24.145834+00:00	2	epl	fx:3379fafcc9793d5ab187	epl:bournemouth	epl:everton
m_2R0ffv	l_4WFCIZ	2026/2027	2026-08-29	2026-08-29T16:30:00+00:00	finished	t_4A7FfD	t_2eQl9k	Tottenham Hotspur	Newcastle United	Tottenham Hotspur	Newcastle United	0.0	2.0		2026-10-02T15:39:24.145834+00:00	2	epl	fx:18b505ce7f9c958a6113	epl:tottenham	epl:newcastle
m_2pvsQv	l_4WFCIZ	2026/2027	2026-08-30	2026-08-30T13:00:00+00:00	finished	t_2xPV6y	t_1c1ZPD	Sunderland	Fulham	Sunderland	Fulham	1.0	0.0		2026-10-02T15:39:24.145834+00:00	2	epl	fx:377672432c74b27539b4	epl:sunderland	epl:fulham
m_2za57L	l_4WFCIZ	2026/2027	2026-08-30	2026-08-30T13:00:00+00:00	finished	t_4R934X	t_3eV7Ev	Chelsea	Brighton & Hove Albion	Chelsea	Brighton & Hove Albion	4.0	3.0		2026-10-02T15:39:24.145834+00:00	2	epl	fx:676b4a40d02f77948474	epl:chelsea	epl:brighton
m_4CpwFk	l_4WFCIZ	2026/2027	2026-08-30	2026-08-30T13:00:00+00:00	finished	t_19Nr9K	t_2ihyjC	Leeds United	Brentford	Leeds United	Brentford	1.0	1.0		2026-10-02T15:39:24.145834+00:00	2	epl	fx:de46ea9ce2ecdd82c6b5	epl:leeds	epl:brentford
m_15wl79	l_4WFCIZ	2026/2027	2026-08-30	2026-08-30T15:30:00+00:00	finished	t_2I313i	t_2C9laO	Manchester United	Ipswich Town	Manchester United	Ipswich Town	5.0	2.0		2026-10-02T15:39:24.145834+00:00	2	epl			
m_12AMnW	l_4WFCIZ	2026/2027	2026-08-31	2026-08-31T19:00:00+00:00	finished	t_4RqKpo	t_1gkhxH	Aston Villa	Arsenal	Aston Villa	Arsenal	0.0	1.0		2026-10-02T15:39:24.145834+00:00	2	epl	fx:31ba9dd52c44f57ae125	epl:aston-villa	epl:arsenal
m_1rqNHl	l_4WFCIZ	2026/2027	2026-09-04	2026-09-04T19:00:00+00:00	finished	t_2C9laO	t_0BrMnM	Ipswich Town	Liverpool	Ipswich Town	Liverpool	0.0	2.0		2026-10-02T15:39:24.145834+00:00	2	epl			
m_0bF5y0	l_4WFCIZ	2026/2027	2026-09-05	2026-09-05T11:30:00+00:00	finished	t_2eQl9k	t_1iaglr	Newcastle United	AFC Bournemouth	Newcastle United	AFC Bournemouth	2.0	2.0		2026-10-02T15:39:24.145834+00:00	2	epl	fx:6da28972b3461d562c6b	epl:newcastle	epl:bournemouth
m_0ANyvj	l_4WFCIZ	2026/2027	2026-09-05	2026-09-05T14:00:00+00:00	finished	t_2ihyjC	t_2xPV6y	Brentford	Sunderland	Brentford	Sunderland	1.0	1.0		2026-10-02T15:39:24.145834+00:00	2	epl	fx:56b2cb485cbc9be82d7d	epl:brentford	epl:sunderland
m_0SCdQY	l_4WFCIZ	2026/2027	2026-09-05	2026-09-05T14:00:00+00:00	finished	t_0msSwp	t_4A7FfD	Nottingham Forest	Tottenham Hotspur	Nottingham Forest	Tottenham Hotspur	0.0	0.0		2026-10-02T15:39:24.145834+00:00	2	epl	fx:06007b64b144e19096b8	epl:nott-m-forest	epl:tottenham
m_0X8rin	l_4WFCIZ	2026/2027	2026-09-05	2026-09-05T14:00:00+00:00	finished	t_3eV7Ev	t_19Nr9K	Brighton & Hove Albion	Leeds United	Brighton & Hove Albion	Leeds United	1.0	1.0		2026-10-02T15:39:24.145834+00:00	2	epl	fx:46261bb4db39028cc408	epl:brighton	epl:leeds
m_3mjltl	l_4WFCIZ	2026/2027	2026-09-05	2026-09-05T14:00:00+00:00	finished	t_1c1ZPD	t_4bz4EP	Fulham	Crystal Palace	Fulham	Crystal Palace	2.0	3.0		2026-10-02T15:39:24.145834+00:00	2	epl	fx:33413c29a8be2fefa131	epl:fulham	epl:crystal-palace
m_44cwox	l_4WFCIZ	2026/2027	2026-09-05	2026-09-05T14:00:00+00:00	finished	t_0UCNPX	t_0C4xyR	Manchester City	Coventry City	Manchester City	Coventry City	1.0	0.0		2026-10-02T15:39:24.145834+00:00	2	epl			
m_3lrPRU	l_4WFCIZ	2026/2027	2026-09-05	2026-09-05T16:30:00+00:00	finished	t_0HV3k6	t_4RqKpo	Hull City	Aston Villa	Hull City	Aston Villa	0.0	0.0		2026-10-02T15:39:24.145834+00:00	2	epl			
m_3zGtlu	l_4WFCIZ	2026/2027	2026-09-06	2026-09-06T13:00:00+00:00	finished	t_21IR9d	t_2I313i	Everton	Manchester United	Everton	Manchester United	2.0	2.0		2026-10-02T15:39:24.145834+00:00	2	epl	fx:cf1de2267729e34dcd46	epl:everton	epl:man-united
m_0PZZ4q	l_4WFCIZ	2026/2027	2026-09-06	2026-09-06T15:30:00+00:00	finished	t_1gkhxH	t_4R934X	Arsenal	Chelsea	Arsenal	Chelsea	2.0	1.0		2026-10-02T15:39:24.145834+00:00	2	epl	fx:da55c4cbf6c5caf4af2c	epl:arsenal	epl:chelsea
m_0kXTPB	l_4WFCIZ	2026/2027	2026-09-12	2026-09-12T14:00:00+00:00	finished	t_4RqKpo	t_0msSwp	Aston Villa	Nottingham Forest	Aston Villa	Nottingham Forest	1.0	2.0		2026-10-02T15:39:24.145834+00:00	2	epl	fx:9c4447cdd62a6d5a1e95	epl:aston-villa	epl:nott-m-forest
m_0zrq2N	l_4WFCIZ	2026/2027	2026-09-12	2026-09-12T14:00:00+00:00	finished	t_0BrMnM	t_1c1ZPD	Liverpool	Fulham	Liverpool	Fulham	0.0	0.0		2026-10-02T15:39:24.145834+00:00	2	epl	fx:7868853cdccc320ff263	epl:liverpool	epl:fulham
m_1bW0fs	l_4WFCIZ	2026/2027	2026-09-12	2026-09-12T14:00:00+00:00	finished	t_4R934X	t_0HV3k6	Chelsea	Hull City	Chelsea	Hull City	2.0	2.0		2026-10-02T15:39:24.145834+00:00	2	epl			
m_2UxunD	l_4WFCIZ	2026/2027	2026-09-12	2026-09-12T14:00:00+00:00	finished	t_1iaglr	t_2ihyjC	AFC Bournemouth	Brentford	AFC Bournemouth	Brentford	2.0	2.0		2026-10-02T15:39:24.145834+00:00	2	epl	fx:ffe114bffe49ff20fe61	epl:bournemouth	epl:brentford
m_3GEp7g	l_4WFCIZ	2026/2027	2026-09-12	2026-09-12T14:00:00+00:00	finished	t_4bz4EP	t_2C9laO	Crystal Palace	Ipswich Town	Crystal Palace	Ipswich Town	2.0	3.0		2026-10-02T15:39:24.145834+00:00	2	epl			
m_0HzhHh	l_4WFCIZ	2026/2027	2026-09-12	2026-09-12T16:30:00+00:00	finished	t_4A7FfD	t_21IR9d	Tottenham Hotspur	Everton	Tottenham Hotspur	Everton	0.0	0.0		2026-10-02T15:39:24.145834+00:00	2	epl	fx:c44d3e55b5e140f61c51	epl:tottenham	epl:everton
m_0lLgvv	l_4WFCIZ	2026/2027	2026-09-12	2026-09-12T19:00:00+00:00	finished	t_2xPV6y	t_1gkhxH	Sunderland	Arsenal	Sunderland	Arsenal	0.0	2.0		2026-10-02T15:39:24.145834+00:00	2	epl	fx:cd1bf9147610d036ce8e	epl:sunderland	epl:arsenal
m_3cx8Ds	l_4WFCIZ	2026/2027	2026-09-13	2026-09-13T13:00:00+00:00	finished	t_0C4xyR	t_3eV7Ev	Coventry City	Brighton & Hove Albion	Coventry City	Brighton & Hove Albion	0.0	5.0		2026-10-02T15:39:24.145834+00:00	2	epl			
m_1Todto	l_4WFCIZ	2026/2027	2026-09-13	2026-09-13T15:30:00+00:00	finished	t_2I313i	t_0UCNPX	Manchester United	Manchester City	Manchester United	Manchester City	0.0	1.0		2026-10-02T15:39:24.145834+00:00	2	epl	fx:a98ad29098d78610a080	epl:man-united	epl:man-city
m_1e7w9y	l_4WFCIZ	2026/2027	2026-09-14	2026-09-14T19:00:00+00:00	finished	t_19Nr9K	t_2eQl9k	Leeds United	Newcastle United	Leeds United	Newcastle United	4.0	1.0		2026-10-02T15:39:24.145834+00:00	2	epl	fx:1df4ac25623668525ce0	epl:leeds	epl:newcastle
m_28lEzC	l_4WFCIZ	2026/2027	2026-09-18	2026-09-18T19:00:00+00:00	finished	t_2ihyjC	t_4R934X	Brentford	Chelsea	Brentford	Chelsea	3.0	0.0		2026-10-02T15:39:24.145834+00:00	2	epl	fx:c28973e0ff070bc58b53	epl:brentford	epl:chelsea
m_3p07rX	l_4WFCIZ	2026/2027	2026-09-19	2026-09-19T11:30:00+00:00	finished	t_4A7FfD	t_4RqKpo	Tottenham Hotspur	Aston Villa	Tottenham Hotspur	Aston Villa	2.0	3.0		2026-10-02T15:39:24.145834+00:00	2	epl	fx:908416a05eb8d9eda919	epl:tottenham	epl:aston-villa
m_1qmxSV	l_4WFCIZ	2026/2027	2026-09-19	2026-09-19T14:00:00+00:00	finished	t_21IR9d	t_2C9laO	Everton	Ipswich Town	Everton	Ipswich Town	1.0	0.0		2026-10-02T15:39:24.145834+00:00	2	epl			
m_2KUz4H	l_4WFCIZ	2026/2027	2026-09-19	2026-09-19T14:00:00+00:00	finished	t_2eQl9k	t_0HV3k6	Newcastle United	Hull City	Newcastle United	Hull City	2.0	1.0		2026-10-02T15:39:24.145834+00:00	2	epl			
m_2wmhjx	l_4WFCIZ	2026/2027	2026-09-19	2026-09-19T14:00:00+00:00	finished	t_3eV7Ev	t_1gkhxH	Brighton & Hove Albion	Arsenal	Brighton & Hove Albion	Arsenal	3.0	0.0		2026-10-02T15:39:24.145834+00:00	2	epl	fx:f3b0ad0bf90415e93b0d	epl:brighton	epl:arsenal
m_3OTk7L	l_4WFCIZ	2026/2027	2026-09-19	2026-09-19T16:30:00+00:00	finished	t_0msSwp	t_0C4xyR	Nottingham Forest	Coventry City	Nottingham Forest	Coventry City	0.0	1.0		2026-10-02T15:39:24.145834+00:00	2	epl			
m_1Jf8I0	l_4WFCIZ	2026/2027	2026-09-20	2026-09-20T13:00:00+00:00	finished	t_19Nr9K	t_4bz4EP	Leeds United	Crystal Palace	Leeds United	Crystal Palace	0.0	0.0		2026-10-02T15:39:24.145834+00:00	2	epl	fx:9d973c7f73821ef46473	epl:leeds	epl:crystal-palace
m_3uor5Z	l_4WFCIZ	2026/2027	2026-09-20	2026-09-20T13:00:00+00:00	finished	t_1iaglr	t_0BrMnM	AFC Bournemouth	Liverpool	AFC Bournemouth	Liverpool	0.0	1.0		2026-10-02T15:39:24.145834+00:00	2	epl	fx:b25aa32a03a47b6c4da4	epl:bournemouth	epl:liverpool
m_4ZdqnA	l_4WFCIZ	2026/2027	2026-09-20	2026-09-20T13:00:00+00:00	finished	t_0UCNPX	t_2xPV6y	Manchester City	Sunderland	Manchester City	Sunderland	5.0	3.0		2026-10-02T15:39:24.145834+00:00	2	epl	fx:cfcb32a07b90f5c66afe	epl:man-city	epl:sunderland
m_0VwYzV	l_4WFCIZ	2026/2027	2026-09-20	2026-09-20T15:30:00+00:00	finished	t_1c1ZPD	t_2I313i	Fulham	Manchester United	Fulham	Manchester United	1.0	1.0		2026-10-02T15:39:24.145834+00:00	2	epl	fx:21af3c5e173f5ab7684b	epl:fulham	epl:man-united
m_2Fr5mh	l_4WFCIZ	2026/2027	2026-10-10	2026-10-10T11:30:00+00:00	not_started	t_1gkhxH	t_19Nr9K	Arsenal	Leeds United	Arsenal	Leeds United				2026-10-02T15:53:38.218413+00:00	2	epl	epl:espn:401879268	epl:arsenal	epl:leeds
m_0V796s	l_4WFCIZ	2026/2027	2026-10-10	2026-10-10T14:00:00+00:00	not_started	t_4RqKpo	t_2ihyjC	Aston Villa	Brentford	Aston Villa	Brentford				2026-10-02T15:53:38.218413+00:00	2	epl	epl:espn:401878776	epl:aston-villa	epl:brentford
m_1NDA0e	l_4WFCIZ	2026/2027	2026-10-10	2026-10-10T14:00:00+00:00	not_started	t_2C9laO	t_1c1ZPD	Ipswich Town	Fulham	Ipswich Town	Fulham				2026-10-02T15:53:38.218413+00:00	2	epl	epl:espn:401879265	epl:ipswich-town	epl:fulham
m_28XD02	l_4WFCIZ	2026/2027	2026-10-10	2026-10-10T14:00:00+00:00	not_started	t_2xPV6y	t_3eV7Ev	Sunderland	Brighton & Hove Albion	Sunderland	Brighton & Hove Albion				2026-10-02T15:53:38.218413+00:00	2	epl	epl:espn:401878772	epl:sunderland	epl:brighton
m_4P7CqE	l_4WFCIZ	2026/2027	2026-10-10	2026-10-10T14:00:00+00:00	not_started	t_4R934X	t_1iaglr	Chelsea	AFC Bournemouth	Chelsea	AFC Bournemouth				2026-10-02T15:53:38.218413+00:00	2	epl	epl:espn:401878775	epl:chelsea	epl:bournemouth
m_1l8CBq	l_4WFCIZ	2026/2027	2026-10-10	2026-10-10T16:30:00+00:00	not_started	t_2I313i	t_4A7FfD	Manchester United	Tottenham Hotspur	Manchester United	Tottenham Hotspur				2026-10-02T15:53:38.218413+00:00	2	epl	epl:espn:401878773	epl:man-united	epl:tottenham
m_0WdyE0	l_4WFCIZ	2026/2027	2026-10-11	2026-10-11T13:00:00+00:00	not_started	t_4bz4EP	t_0msSwp	Crystal Palace	Nottingham Forest	Crystal Palace	Nottingham Forest				2026-10-02T15:53:38.218413+00:00	2	epl	epl:espn:401879266	epl:crystal-palace	epl:nott-m-forest
m_3pRsCX	l_4WFCIZ	2026/2027	2026-10-11	2026-10-11T13:00:00+00:00	not_started	t_0HV3k6	t_21IR9d	Hull City	Everton	Hull City	Everton				2026-10-02T15:53:38.218413+00:00	2	epl	epl:espn:401878774	epl:hull-city	epl:everton
m_0En7Dw	l_4WFCIZ	2026/2027	2026-10-11	2026-10-11T15:30:00+00:00	not_started	t_0BrMnM	t_0UCNPX	Liverpool	Manchester City	Liverpool	Manchester City				2026-10-02T15:53:38.218413+00:00	2	epl	epl:espn:401879264	epl:liverpool	epl:man-city
m_37OokP	l_4WFCIZ	2026/2027	2026-10-12	2026-10-12T19:00:00+00:00	not_started	t_0C4xyR	t_2eQl9k	Coventry City	Newcastle United	Coventry City	Newcastle United				2026-10-02T15:53:38.218413+00:00	2	epl	epl:espn:401879267	epl:coventry-city	epl:newcastle
m_3fEVzy	l_4WFCIZ	2026/2027	2026-10-17	2026-10-17T11:30:00+00:00	not_started	t_21IR9d	t_4R934X	Everton	Chelsea	Everton	Chelsea				2026-10-02T15:53:38.218413+00:00	2	epl	epl:espn:401878771	epl:everton	epl:chelsea
m_0flqse	l_4WFCIZ	2026/2027	2026-10-17	2026-10-17T14:00:00+00:00	not_started	t_2ihyjC	t_0BrMnM	Brentford	Liverpool	Brentford	Liverpool				2026-10-02T15:53:38.218413+00:00	2	epl	epl:espn:401879262	epl:brentford	epl:liverpool
m_1308RP	l_4WFCIZ	2026/2027	2026-10-17	2026-10-17T14:00:00+00:00	not_started	t_0UCNPX	t_2C9laO	Manchester City	Ipswich Town	Manchester City	Ipswich Town				2026-10-02T15:53:38.218413+00:00	2	epl	epl:espn:401879259	epl:man-city	epl:ipswich-town
m_2Ca87d	l_4WFCIZ	2026/2027	2026-10-17	2026-10-17T14:00:00+00:00	not_started	t_1c1ZPD	t_0HV3k6	Fulham	Hull City	Fulham	Hull City				2026-10-02T15:53:38.218413+00:00	2	epl	epl:espn:401878770	epl:fulham	epl:hull-city
m_4RD4YJ	l_4WFCIZ	2026/2027	2026-10-17	2026-10-17T16:30:00+00:00	not_started	t_2eQl9k	t_4RqKpo	Newcastle United	Aston Villa	Newcastle United	Aston Villa				2026-10-02T15:53:38.218413+00:00	2	epl	epl:espn:401879258	epl:newcastle	epl:aston-villa
m_19HAaR	l_4WFCIZ	2026/2027	2026-10-18	2026-10-18T13:00:00+00:00	not_started	t_1iaglr	t_2xPV6y	AFC Bournemouth	Sunderland	AFC Bournemouth	Sunderland				2026-10-02T15:53:38.218413+00:00	2	epl	epl:espn:401879263	epl:bournemouth	epl:sunderland
m_2Qu6Lk	l_4WFCIZ	2026/2027	2026-10-18	2026-10-18T13:00:00+00:00	not_started	t_3eV7Ev	t_4bz4EP	Brighton & Hove Albion	Crystal Palace	Brighton & Hove Albion	Crystal Palace				2026-10-02T15:53:38.218413+00:00	2	epl	epl:espn:401879261	epl:brighton	epl:crystal-palace
m_3xDs72	l_4WFCIZ	2026/2027	2026-10-18	2026-10-18T13:00:00+00:00	not_started	t_19Nr9K	t_2I313i	Leeds United	Manchester United	Leeds United	Manchester United				2026-10-02T15:53:38.218413+00:00	2	epl	epl:espn:401879260	epl:leeds	epl:man-united
m_0nCoAp	l_4WFCIZ	2026/2027	2026-10-18	2026-10-18T15:30:00+00:00	not_started	t_0msSwp	t_1gkhxH	Nottingham Forest	Arsenal	Nottingham Forest	Arsenal				2026-10-02T15:53:38.218413+00:00	2	epl	epl:espn:401878769	epl:nott-m-forest	epl:arsenal
m_2KXrBt	l_4WFCIZ	2026/2027	2026-10-19	2026-10-19T19:00:00+00:00	not_started	t_4A7FfD	t_0C4xyR	Tottenham Hotspur	Coventry City	Tottenham Hotspur	Coventry City				2026-10-02T15:53:38.218413+00:00	2	epl	epl:espn:401879257	epl:tottenham	epl:coventry-city
m_0CikU4	l_4WFCIZ	2026/2027	2026-10-23	2026-10-23T19:00:00+00:00	not_started	t_2C9laO	t_0msSwp	Ipswich Town	Nottingham Forest	Ipswich Town	Nottingham Forest				2026-10-02T15:53:38.218413+00:00	2	epl	epl:espn:401879253	epl:ipswich-town	epl:nott-m-forest
m_3KNB9I	l_4WFCIZ	2026/2027	2026-10-24	2026-10-24T11:30:00+00:00	not_started	t_4RqKpo	t_0UCNPX	Aston Villa	Manchester City	Aston Villa	Manchester City				2026-10-02T15:53:38.218413+00:00	2	epl	epl:espn:401879256	epl:aston-villa	epl:man-city
m_26YjGK	l_4WFCIZ	2026/2027	2026-10-24	2026-10-24T14:00:00+00:00	not_started	t_0C4xyR	t_1c1ZPD	Coventry City	Fulham	Coventry City	Fulham				2026-10-02T15:53:38.218413+00:00	2	epl	epl:espn:401879255	epl:coventry-city	epl:fulham
m_3VTlmY	l_4WFCIZ	2026/2027	2026-10-24	2026-10-24T14:00:00+00:00	not_started	t_1gkhxH	t_21IR9d	Arsenal	Everton	Arsenal	Everton				2026-10-02T15:53:38.218413+00:00	2	epl	epl:espn:401878768	epl:arsenal	epl:everton
m_3flxzg	l_4WFCIZ	2026/2027	2026-10-24	2026-10-24T16:30:00+00:00	not_started	t_4R934X	t_4A7FfD	Chelsea	Tottenham Hotspur	Chelsea	Tottenham Hotspur				2026-10-02T15:53:38.218413+00:00	2	epl	epl:espn:401878767	epl:chelsea	epl:tottenham
m_0Eg1F3	l_4WFCIZ	2026/2027	2026-10-25	2026-10-25T14:00:00+00:00	not_started	t_0HV3k6	t_2ihyjC	Hull City	Brentford	Hull City	Brentford				2026-10-02T15:53:38.218413+00:00	2	epl	epl:espn:401878766	epl:hull-city	epl:brentford
m_1LrBNT	l_4WFCIZ	2026/2027	2026-10-25	2026-10-25T14:00:00+00:00	not_started	t_2I313i	t_1iaglr	Manchester United	AFC Bournemouth	Manchester United	AFC Bournemouth				2026-10-02T15:53:38.218413+00:00	2	epl	epl:espn:401879252	epl:man-united	epl:bournemouth
m_1f8upu	l_4WFCIZ	2026/2027	2026-10-25	2026-10-25T14:00:00+00:00	not_started	t_4bz4EP	t_2eQl9k	Crystal Palace	Newcastle United	Crystal Palace	Newcastle United				2026-10-02T15:53:38.218413+00:00	2	epl	epl:espn:401879254	epl:crystal-palace	epl:newcastle
m_3pgdLY	l_4WFCIZ	2026/2027	2026-10-25	2026-10-25T14:00:00+00:00	not_started	t_0BrMnM	t_3eV7Ev	Liverpool	Brighton & Hove Albion	Liverpool	Brighton & Hove Albion				2026-10-02T15:53:38.218413+00:00	2	epl	epl:espn:401878765	epl:liverpool	epl:brighton
m_0Fcvht	l_4WFCIZ	2026/2027	2026-10-25	2026-10-25T16:30:00+00:00	not_started	t_2xPV6y	t_19Nr9K	Sunderland	Leeds United	Sunderland	Leeds United				2026-10-02T15:53:38.218413+00:00	2	epl	epl:espn:401878764	epl:sunderland	epl:leeds
m_0C3yM3	l_4WFCIZ	2026/2027	2026-10-31	2026-10-31T12:30:00+00:00	not_started	t_4R934X	t_2I313i	Chelsea	Manchester United	Chelsea	Manchester United				2026-10-02T15:53:38.218413+00:00	2	epl	epl:espn:401879248	epl:chelsea	epl:man-united
m_0IHgwr	l_4WFCIZ	2026/2027	2026-10-31	2026-10-31T15:00:00+00:00	not_started	t_0C4xyR	t_2xPV6y	Coventry City	Sunderland	Coventry City	Sunderland				2026-10-02T15:53:38.218413+00:00	2	epl	epl:espn:401879247	epl:coventry-city	epl:sunderland
m_0bXUBx	l_4WFCIZ	2026/2027	2026-10-31	2026-10-31T15:00:00+00:00	not_started	t_1iaglr	t_19Nr9K	AFC Bournemouth	Leeds United	AFC Bournemouth	Leeds United				2026-10-02T15:53:38.218413+00:00	2	epl	epl:espn:401879251	epl:bournemouth	epl:leeds
m_0n3Keu	l_4WFCIZ	2026/2027	2026-10-31	2026-10-31T15:00:00+00:00	not_started	t_0HV3k6	t_2C9laO	Hull City	Ipswich Town	Hull City	Ipswich Town				2026-10-02T15:53:38.218413+00:00	2	epl	epl:espn:401878763	epl:hull-city	epl:ipswich-town
m_1Gc5Hh	l_4WFCIZ	2026/2027	2026-10-31	2026-10-31T15:00:00+00:00	not_started	t_2ihyjC	t_0msSwp	Brentford	Nottingham Forest	Brentford	Nottingham Forest				2026-10-02T15:53:38.218413+00:00	2	epl	epl:espn:401879249	epl:brentford	epl:nott-m-forest
m_4RvJ1j	l_4WFCIZ	2026/2027	2026-10-31	2026-10-31T15:00:00+00:00	not_started	t_0UCNPX	t_3eV7Ev	Manchester City	Brighton & Hove Albion	Manchester City	Brighton & Hove Albion				2026-10-02T15:53:38.218413+00:00	2	epl	epl:espn:401879245	epl:man-city	epl:brighton
m_0GIRbd	l_4WFCIZ	2026/2027	2026-10-31	2026-10-31T17:30:00+00:00	not_started	t_4A7FfD	t_4bz4EP	Tottenham Hotspur	Crystal Palace	Tottenham Hotspur	Crystal Palace				2026-10-02T15:53:38.218413+00:00	2	epl	epl:espn:401878761	epl:tottenham	epl:crystal-palace
m_14WeHI	l_4WFCIZ	2026/2027	2026-10-31	2026-10-31T20:00:00+00:00	not_started	t_4RqKpo	t_1c1ZPD	Aston Villa	Fulham	Aston Villa	Fulham				2026-10-02T15:53:38.218413+00:00	2	epl	epl:espn:401879250	epl:aston-villa	epl:fulham
m_1cQmo2	l_4WFCIZ	2026/2027	2026-11-01	2026-11-01T16:30:00+00:00	not_started	t_0BrMnM	t_1gkhxH	Liverpool	Arsenal	Liverpool	Arsenal				2026-10-02T15:53:38.218413+00:00	2	epl	epl:espn:401879246	epl:liverpool	epl:arsenal
m_0eAA1g	l_4WFCIZ	2026/2027	2026-11-02	2026-11-02T20:00:00+00:00	not_started	t_2eQl9k	t_21IR9d	Newcastle United	Everton	Newcastle United	Everton				2026-10-02T15:53:38.218413+00:00	2	epl	epl:espn:401878762	epl:newcastle	epl:everton
m_0ZFoVd	l_4WFCIZ	2026/2027	2026-11-06	2026-11-06T20:00:00+00:00	not_started	t_21IR9d	t_0C4xyR	Everton	Coventry City	Everton	Coventry City				2026-10-02T15:53:38.218413+00:00	2	epl	epl:espn:401879242	epl:everton	epl:coventry-city
m_4L4kXH	l_4WFCIZ	2026/2027	2026-11-07	2026-11-07T12:30:00+00:00	not_started	t_19Nr9K	t_4A7FfD	Leeds United	Tottenham Hotspur	Leeds United	Tottenham Hotspur				2026-10-02T15:53:38.218413+00:00	2	epl	epl:espn:401878758	epl:leeds	epl:tottenham
m_0D9KSt	l_4WFCIZ	2026/2027	2026-11-07	2026-11-07T15:00:00+00:00	not_started	t_1gkhxH	t_0HV3k6	Arsenal	Hull City	Arsenal	Hull City				2026-10-02T15:53:38.218413+00:00	2	epl	epl:espn:401878760	epl:arsenal	epl:hull-city
m_2UcMLw	l_4WFCIZ	2026/2027	2026-11-07	2026-11-07T15:00:00+00:00	not_started	t_1c1ZPD	t_2eQl9k	Fulham	Newcastle United	Fulham	Newcastle United				2026-10-02T15:53:38.218413+00:00	2	epl	epl:espn:401879241	epl:fulham	epl:newcastle
m_2cf00t	l_4WFCIZ	2026/2027	2026-11-07	2026-11-07T17:30:00+00:00	not_started	t_0msSwp	t_0UCNPX	Nottingham Forest	Manchester City	Nottingham Forest	Manchester City				2026-10-02T15:53:38.218413+00:00	2	epl	epl:espn:401878757	epl:nott-m-forest	epl:man-city
m_0CUyUv	l_4WFCIZ	2026/2027	2026-11-08	2026-11-08T14:00:00+00:00	not_started	t_3eV7Ev	t_2ihyjC	Brighton & Hove Albion	Brentford	Brighton & Hove Albion	Brentford				2026-10-02T15:53:38.218413+00:00	2	epl	epl:espn:401879244	epl:brighton	epl:brentford
m_0sKilh	l_4WFCIZ	2026/2027	2026-11-08	2026-11-08T14:00:00+00:00	not_started	t_2C9laO	t_1iaglr	Ipswich Town	AFC Bournemouth	Ipswich Town	AFC Bournemouth				2026-10-02T15:53:38.218413+00:00	2	epl	epl:espn:401878759	epl:ipswich-town	epl:bournemouth
m_2hOf3a	l_4WFCIZ	2026/2027	2026-11-08	2026-11-08T14:00:00+00:00	not_started	t_2xPV6y	t_4R934X	Sunderland	Chelsea	Sunderland	Chelsea				2026-10-02T15:53:38.218413+00:00	2	epl	epl:espn:401879239	epl:sunderland	epl:chelsea
m_4Ct268	l_4WFCIZ	2026/2027	2026-11-08	2026-11-08T14:00:00+00:00	not_started	t_4bz4EP	t_0BrMnM	Crystal Palace	Liverpool	Crystal Palace	Liverpool				2026-10-02T15:53:38.218413+00:00	2	epl	epl:espn:401879243	epl:crystal-palace	epl:liverpool
m_1hg20L	l_4WFCIZ	2026/2027	2026-11-08	2026-11-08T16:30:00+00:00	not_started	t_2I313i	t_4RqKpo	Manchester United	Aston Villa	Manchester United	Aston Villa				2026-10-02T15:53:38.218413+00:00	2	epl	epl:espn:401879240	epl:man-united	epl:aston-villa
m_4S00KG	l_4WFCIZ	2026/2027	2026-11-21	2026-11-21T12:30:00+00:00	not_started	t_0UCNPX	t_1c1ZPD	Manchester City	Fulham	Manchester City	Fulham				2026-10-02T15:53:38.218413+00:00	2	epl	epl:espn:401879233	epl:man-city	epl:fulham
m_04ixCx	l_4WFCIZ	2026/2027	2026-11-21	2026-11-21T15:00:00+00:00	not_started	t_4RqKpo	t_2xPV6y	Aston Villa	Sunderland	Aston Villa	Sunderland				2026-10-02T15:53:38.218413+00:00	2	epl	epl:espn:401878756	epl:aston-villa	epl:sunderland
m_0B6kF2	l_4WFCIZ	2026/2027	2026-11-21	2026-11-21T15:00:00+00:00	not_started	t_0C4xyR	t_4bz4EP	Coventry City	Crystal Palace	Coventry City	Crystal Palace				2026-10-02T15:53:38.218413+00:00	2	epl	epl:espn:401879235	epl:coventry-city	epl:crystal-palace
m_19nSVX	l_4WFCIZ	2026/2027	2026-11-21	2026-11-21T15:00:00+00:00	not_started	t_4R934X	t_19Nr9K	Chelsea	Leeds United	Chelsea	Leeds United				2026-10-02T15:53:38.218413+00:00	2	epl	epl:espn:401879236	epl:chelsea	epl:leeds
m_2PtCYr	l_4WFCIZ	2026/2027	2026-11-21	2026-11-21T15:00:00+00:00	not_started	t_4A7FfD	t_2C9laO	Tottenham Hotspur	Ipswich Town	Tottenham Hotspur	Ipswich Town				2026-10-02T15:53:38.218413+00:00	2	epl	epl:espn:401878754	epl:tottenham	epl:ipswich-town
m_3IrTv6	l_4WFCIZ	2026/2027	2026-11-21	2026-11-21T15:00:00+00:00	not_started	t_1iaglr	t_0msSwp	AFC Bournemouth	Nottingham Forest	AFC Bournemouth	Nottingham Forest				2026-10-02T15:53:38.218413+00:00	2	epl	epl:espn:401879238	epl:bournemouth	epl:nott-m-forest
m_3XXOvK	l_4WFCIZ	2026/2027	2026-11-21	2026-11-21T17:30:00+00:00	not_started	t_2eQl9k	t_1gkhxH	Newcastle United	Arsenal	Newcastle United	Arsenal				2026-10-02T15:53:38.218413+00:00	2	epl	epl:espn:401879232	epl:newcastle	epl:arsenal
m_18ul5S	l_4WFCIZ	2026/2027	2026-11-22	2026-11-22T14:00:00+00:00	not_started	t_0HV3k6	t_3eV7Ev	Hull City	Brighton & Hove Albion	Hull City	Brighton & Hove Albion				2026-10-02T15:53:38.218413+00:00	2	epl	epl:espn:401879234	epl:hull-city	epl:brighton
m_4Pdd0e	l_4WFCIZ	2026/2027	2026-11-22	2026-11-22T16:30:00+00:00	not_started	t_0BrMnM	t_2I313i	Liverpool	Manchester United	Liverpool	Manchester United				2026-10-02T15:53:38.218413+00:00	2	epl	epl:espn:401878755	epl:liverpool	epl:man-united
m_2FVfvL	l_4WFCIZ	2026/2027	2026-11-23	2026-11-23T20:00:00+00:00	not_started	t_2ihyjC	t_21IR9d	Brentford	Everton	Brentford	Everton				2026-10-02T15:53:38.218413+00:00	2	epl	epl:espn:401879237	epl:brentford	epl:everton
m_3xkED2	l_4WFCIZ	2026/2027	2026-11-27	2026-11-27T20:00:00+00:00	not_started	t_0msSwp	t_4R934X	Nottingham Forest	Chelsea	Nottingham Forest	Chelsea				2026-10-02T15:53:38.218413+00:00	2	epl	epl:espn:401879225	epl:nott-m-forest	epl:chelsea
m_35NS0w	l_4WFCIZ	2026/2027	2026-11-28	2026-11-28T15:00:00+00:00	not_started	t_19Nr9K	t_0C4xyR	Leeds United	Coventry City	Leeds United	Coventry City				2026-10-02T15:53:38.218413+00:00	2	epl	epl:espn:401879227	epl:leeds	epl:coventry-city
m_4AXxqK	l_4WFCIZ	2026/2027	2026-11-28	2026-11-28T15:00:00+00:00	not_started	t_2I313i	t_2ihyjC	Manchester United	Brentford	Manchester United	Brentford				2026-10-02T15:53:38.218413+00:00	2	epl	epl:espn:401879226	epl:man-united	epl:brentford
m_2a6aiA	l_4WFCIZ	2026/2027	2026-11-28	2026-11-28T17:30:00+00:00	not_started	t_2C9laO	t_4RqKpo	Ipswich Town	Aston Villa	Ipswich Town	Aston Villa				2026-10-02T15:53:38.218413+00:00	2	epl	epl:espn:401878752	epl:ipswich-town	epl:aston-villa
m_30gNoT	l_4WFCIZ	2026/2027	2026-11-29	2026-11-29T12:00:00+00:00	not_started	t_21IR9d	t_0BrMnM	Everton	Liverpool	Everton	Liverpool				2026-10-02T15:53:38.218413+00:00	2	epl	epl:espn:401879229	epl:everton	epl:liverpool
m_1EvjuD	l_4WFCIZ	2026/2027	2026-11-29	2026-11-29T14:05:00+00:00	not_started	t_3eV7Ev	t_2eQl9k	Brighton & Hove Albion	Newcastle United	Brighton & Hove Albion	Newcastle United				2026-10-02T15:53:38.218413+00:00	2	epl	epl:espn:401879231	epl:brighton	epl:newcastle
m_1cmXYH	l_4WFCIZ	2026/2027	2026-11-29	2026-11-29T14:05:00+00:00	not_started	t_4bz4EP	t_0HV3k6	Crystal Palace	Hull City	Crystal Palace	Hull City				2026-10-02T15:53:38.218413+00:00	2	epl	epl:espn:401879230	epl:crystal-palace	epl:hull-city
m_38YPw8	l_4WFCIZ	2026/2027	2026-11-29	2026-11-29T14:05:00+00:00	not_started	t_2xPV6y	t_4A7FfD	Sunderland	Tottenham Hotspur	Sunderland	Tottenham Hotspur				2026-10-02T15:53:38.218413+00:00	2	epl	epl:espn:401879224	epl:sunderland	epl:tottenham
m_3ELOjU	l_4WFCIZ	2026/2027	2026-11-29	2026-11-29T14:05:00+00:00	not_started	t_1c1ZPD	t_1iaglr	Fulham	AFC Bournemouth	Fulham	AFC Bournemouth				2026-10-02T15:53:38.218413+00:00	2	epl	epl:espn:401879228	epl:fulham	epl:bournemouth
m_000aNg	l_4WFCIZ	2026/2027	2026-11-29	2026-11-29T16:30:00+00:00	not_started	t_1gkhxH	t_0UCNPX	Arsenal	Manchester City	Arsenal	Manchester City				2026-10-02T15:53:38.218413+00:00	2	epl	epl:espn:401878753	epl:arsenal	epl:man-city
m_0clzxH	l_4WFCIZ	2026/2027	2026-12-02	2026-12-02T20:00:00+00:00	not_started	t_4RqKpo	t_21IR9d	Aston Villa	Everton	Aston Villa	Everton				2026-10-02T15:53:38.218413+00:00	2	epl			
m_109S60	l_4WFCIZ	2026/2027	2026-12-02	2026-12-02T20:00:00+00:00	not_started	t_4R934X	t_4bz4EP	Chelsea	Crystal Palace	Chelsea	Crystal Palace				2026-10-02T15:53:38.218413+00:00	2	epl			
m_1J5cPp	l_4WFCIZ	2026/2027	2026-12-02	2026-12-02T20:00:00+00:00	not_started	t_2eQl9k	t_2I313i	Newcastle United	Manchester United	Newcastle United	Manchester United				2026-10-02T15:53:38.218413+00:00	2	epl			
m_1mNrnL	l_4WFCIZ	2026/2027	2026-12-02	2026-12-02T20:00:00+00:00	not_started	t_0HV3k6	t_0msSwp	Hull City	Nottingham Forest	Hull City	Nottingham Forest				2026-10-02T15:53:38.218413+00:00	2	epl			
m_1sGD9w	l_4WFCIZ	2026/2027	2026-12-02	2026-12-02T20:00:00+00:00	not_started	t_4A7FfD	t_1c1ZPD	Tottenham Hotspur	Fulham	Tottenham Hotspur	Fulham				2026-10-02T15:53:38.218413+00:00	2	epl			
m_2auuWk	l_4WFCIZ	2026/2027	2026-12-02	2026-12-02T20:00:00+00:00	not_started	t_0C4xyR	t_2C9laO	Coventry City	Ipswich Town	Coventry City	Ipswich Town				2026-10-02T15:53:38.218413+00:00	2	epl			
m_2ca0e2	l_4WFCIZ	2026/2027	2026-12-02	2026-12-02T20:00:00+00:00	not_started	t_0BrMnM	t_2xPV6y	Liverpool	Sunderland	Liverpool	Sunderland				2026-10-02T15:53:38.218413+00:00	2	epl			
m_2q2SV8	l_4WFCIZ	2026/2027	2026-12-02	2026-12-02T20:00:00+00:00	not_started	t_1iaglr	t_3eV7Ev	AFC Bournemouth	Brighton & Hove Albion	AFC Bournemouth	Brighton & Hove Albion				2026-10-02T15:53:38.218413+00:00	2	epl			
m_32EZEH	l_4WFCIZ	2026/2027	2026-12-02	2026-12-02T20:00:00+00:00	not_started	t_2ihyjC	t_1gkhxH	Brentford	Arsenal	Brentford	Arsenal				2026-10-02T15:53:38.218413+00:00	2	epl			
m_45PBCV	l_4WFCIZ	2026/2027	2026-12-02	2026-12-02T20:00:00+00:00	not_started	t_0UCNPX	t_19Nr9K	Manchester City	Leeds United	Manchester City	Leeds United				2026-10-02T15:53:38.218413+00:00	2	epl			
m_0AmV5k	l_4WFCIZ	2026/2027	2026-12-05	2026-12-05T15:00:00+00:00	not_started	t_2eQl9k	t_2xPV6y	Newcastle United	Sunderland	Newcastle United	Sunderland				2026-10-02T15:53:38.218413+00:00	2	epl			
m_0SwdA8	l_4WFCIZ	2026/2027	2026-12-05	2026-12-05T15:00:00+00:00	not_started	t_4RqKpo	t_4bz4EP	Aston Villa	Crystal Palace	Aston Villa	Crystal Palace				2026-10-02T15:53:38.218413+00:00	2	epl			
m_0e2RrY	l_4WFCIZ	2026/2027	2026-12-05	2026-12-05T15:00:00+00:00	not_started	t_19Nr9K	t_2C9laO	Leeds United	Ipswich Town	Leeds United	Ipswich Town				2026-10-02T15:53:38.218413+00:00	2	epl			
m_11rrz2	l_4WFCIZ	2026/2027	2026-12-05	2026-12-05T15:00:00+00:00	not_started	t_2I313i	t_0C4xyR	Manchester United	Coventry City	Manchester United	Coventry City				2026-10-02T15:53:38.218413+00:00	2	epl			
m_189cAI	l_4WFCIZ	2026/2027	2026-12-05	2026-12-05T15:00:00+00:00	not_started	t_21IR9d	t_1c1ZPD	Everton	Fulham	Everton	Fulham				2026-10-02T15:53:38.218413+00:00	2	epl			
m_1gWkas	l_4WFCIZ	2026/2027	2026-12-05	2026-12-05T15:00:00+00:00	not_started	t_0msSwp	t_3eV7Ev	Nottingham Forest	Brighton & Hove Albion	Nottingham Forest	Brighton & Hove Albion				2026-10-02T15:53:38.218413+00:00	2	epl			
m_2TtX4E	l_4WFCIZ	2026/2027	2026-12-05	2026-12-05T15:00:00+00:00	not_started	t_2ihyjC	t_0UCNPX	Brentford	Manchester City	Brentford	Manchester City				2026-10-02T15:53:38.218413+00:00	2	epl			
m_2fT1u0	l_4WFCIZ	2026/2027	2026-12-05	2026-12-05T15:00:00+00:00	not_started	t_1iaglr	t_0HV3k6	AFC Bournemouth	Hull City	AFC Bournemouth	Hull City				2026-10-02T15:53:38.218413+00:00	2	epl			
m_2nz4Kg	l_4WFCIZ	2026/2027	2026-12-05	2026-12-05T15:00:00+00:00	not_started	t_4R934X	t_0BrMnM	Chelsea	Liverpool	Chelsea	Liverpool				2026-10-02T15:53:38.218413+00:00	2	epl			
m_48334Y	l_4WFCIZ	2026/2027	2026-12-05	2026-12-05T15:00:00+00:00	not_started	t_4A7FfD	t_1gkhxH	Tottenham Hotspur	Arsenal	Tottenham Hotspur	Arsenal				2026-10-02T15:53:38.218413+00:00	2	epl			
m_0KIY6O	l_4WFCIZ	2026/2027	2026-12-12	2026-12-12T15:00:00+00:00	not_started	t_2xPV6y	t_0msSwp	Sunderland	Nottingham Forest	Sunderland	Nottingham Forest				2026-10-02T15:53:38.218413+00:00	2	epl			
m_0chCVz	l_4WFCIZ	2026/2027	2026-12-12	2026-12-12T15:00:00+00:00	not_started	t_0UCNPX	t_4R934X	Manchester City	Chelsea	Manchester City	Chelsea				2026-10-02T15:53:38.218413+00:00	2	epl			
m_19lbOW	l_4WFCIZ	2026/2027	2026-12-12	2026-12-12T15:00:00+00:00	not_started	t_4bz4EP	t_2I313i	Crystal Palace	Manchester United	Crystal Palace	Manchester United				2026-10-02T15:53:38.218413+00:00	2	epl			
m_1AVQBI	l_4WFCIZ	2026/2027	2026-12-12	2026-12-12T15:00:00+00:00	not_started	t_0HV3k6	t_4A7FfD	Hull City	Tottenham Hotspur	Hull City	Tottenham Hotspur				2026-10-02T15:53:38.218413+00:00	2	epl			
m_1f2vOY	l_4WFCIZ	2026/2027	2026-12-12	2026-12-12T15:00:00+00:00	not_started	t_1gkhxH	t_1iaglr	Arsenal	AFC Bournemouth	Arsenal	AFC Bournemouth				2026-10-02T15:53:38.218413+00:00	2	epl			
m_2VR7KU	l_4WFCIZ	2026/2027	2026-12-12	2026-12-12T15:00:00+00:00	not_started	t_0BrMnM	t_19Nr9K	Liverpool	Leeds United	Liverpool	Leeds United				2026-10-02T15:53:38.218413+00:00	2	epl			
m_3IC4zT	l_4WFCIZ	2026/2027	2026-12-12	2026-12-12T15:00:00+00:00	not_started	t_0C4xyR	t_4RqKpo	Coventry City	Aston Villa	Coventry City	Aston Villa				2026-10-02T15:53:38.218413+00:00	2	epl			
m_3WqHta	l_4WFCIZ	2026/2027	2026-12-12	2026-12-12T15:00:00+00:00	not_started	t_3eV7Ev	t_21IR9d	Brighton & Hove Albion	Everton	Brighton & Hove Albion	Everton				2026-10-02T15:53:38.218413+00:00	2	epl			
m_3jkanD	l_4WFCIZ	2026/2027	2026-12-12	2026-12-12T15:00:00+00:00	not_started	t_2C9laO	t_2eQl9k	Ipswich Town	Newcastle United	Ipswich Town	Newcastle United				2026-10-02T15:53:38.218413+00:00	2	epl			
m_4XztkO	l_4WFCIZ	2026/2027	2026-12-12	2026-12-12T15:00:00+00:00	not_started	t_1c1ZPD	t_2ihyjC	Fulham	Brentford	Fulham	Brentford				2026-10-02T15:53:38.218413+00:00	2	epl			
m_05rh5S	l_4WFCIZ	2026/2027	2026-12-19	2026-12-19T15:00:00+00:00	not_started	t_0msSwp	t_21IR9d	Nottingham Forest	Everton	Nottingham Forest	Everton				2026-10-02T15:53:38.218413+00:00	2	epl			
m_0KUwqs	l_4WFCIZ	2026/2027	2026-12-19	2026-12-19T15:00:00+00:00	not_started	t_0UCNPX	t_0HV3k6	Manchester City	Hull City	Manchester City	Hull City				2026-10-02T15:53:38.218413+00:00	2	epl			
m_154c6h	l_4WFCIZ	2026/2027	2026-12-19	2026-12-19T15:00:00+00:00	not_started	t_3eV7Ev	t_2C9laO	Brighton & Hove Albion	Ipswich Town	Brighton & Hove Albion	Ipswich Town				2026-10-02T15:53:38.218413+00:00	2	epl			
m_16T36B	l_4WFCIZ	2026/2027	2026-12-19	2026-12-19T15:00:00+00:00	not_started	t_1gkhxH	t_2I313i	Arsenal	Manchester United	Arsenal	Manchester United				2026-10-02T15:53:38.218413+00:00	2	epl			
m_19J23x	l_4WFCIZ	2026/2027	2026-12-19	2026-12-19T15:00:00+00:00	not_started	t_2ihyjC	t_2eQl9k	Brentford	Newcastle United	Brentford	Newcastle United				2026-10-02T15:53:38.218413+00:00	2	epl			
m_1FZZzd	l_4WFCIZ	2026/2027	2026-12-19	2026-12-19T15:00:00+00:00	not_started	t_1iaglr	t_0C4xyR	AFC Bournemouth	Coventry City	AFC Bournemouth	Coventry City				2026-10-02T15:53:38.218413+00:00	2	epl			
m_1K4kuY	l_4WFCIZ	2026/2027	2026-12-19	2026-12-19T15:00:00+00:00	not_started	t_4R934X	t_4RqKpo	Chelsea	Aston Villa	Chelsea	Aston Villa				2026-10-02T15:53:38.218413+00:00	2	epl			
m_2FenKj	l_4WFCIZ	2026/2027	2026-12-19	2026-12-19T15:00:00+00:00	not_started	t_0BrMnM	t_4A7FfD	Liverpool	Tottenham Hotspur	Liverpool	Tottenham Hotspur				2026-10-02T15:53:38.218413+00:00	2	epl			
m_2vDAcL	l_4WFCIZ	2026/2027	2026-12-19	2026-12-19T15:00:00+00:00	not_started	t_2xPV6y	t_4bz4EP	Sunderland	Crystal Palace	Sunderland	Crystal Palace				2026-10-02T15:53:38.218413+00:00	2	epl			
m_3dQ5jz	l_4WFCIZ	2026/2027	2026-12-19	2026-12-19T15:00:00+00:00	not_started	t_19Nr9K	t_1c1ZPD	Leeds United	Fulham	Leeds United	Fulham				2026-10-02T15:53:38.218413+00:00	2	epl			
m_38RvUl	l_4WFCIZ	2026/2027	2026-12-26	2026-12-26T12:30:00+00:00	not_started	t_4RqKpo	t_19Nr9K	Aston Villa	Leeds United	Aston Villa	Leeds United				2026-10-02T15:53:38.218413+00:00	2	epl			
m_0or3DK	l_4WFCIZ	2026/2027	2026-12-26	2026-12-26T15:00:00+00:00	not_started	t_1c1ZPD	t_3eV7Ev	Fulham	Brighton & Hove Albion	Fulham	Brighton & Hove Albion				2026-10-02T15:53:38.218413+00:00	2	epl			
m_1R9McR	l_4WFCIZ	2026/2027	2026-12-26	2026-12-26T15:00:00+00:00	not_started	t_2C9laO	t_2ihyjC	Ipswich Town	Brentford	Ipswich Town	Brentford				2026-10-02T15:53:38.218413+00:00	2	epl			
m_24ElGY	l_4WFCIZ	2026/2027	2026-12-26	2026-12-26T15:00:00+00:00	not_started	t_4A7FfD	t_1iaglr	Tottenham Hotspur	AFC Bournemouth	Tottenham Hotspur	AFC Bournemouth				2026-10-02T15:53:38.218413+00:00	2	epl			
m_2Pe5Oq	l_4WFCIZ	2026/2027	2026-12-26	2026-12-26T15:00:00+00:00	not_started	t_21IR9d	t_2xPV6y	Everton	Sunderland	Everton	Sunderland				2026-10-02T15:53:38.218413+00:00	2	epl			
m_3l5m57	l_4WFCIZ	2026/2027	2026-12-26	2026-12-26T17:30:00+00:00	not_started	t_0HV3k6	t_0BrMnM	Hull City	Liverpool	Hull City	Liverpool				2026-10-02T15:53:38.218413+00:00	2	epl			
m_393ypd	l_4WFCIZ	2026/2027	2026-12-26	2026-12-26T20:00:00+00:00	not_started	t_2eQl9k	t_0UCNPX	Newcastle United	Manchester City	Newcastle United	Manchester City				2026-10-02T15:53:38.218413+00:00	2	epl			
m_1UNnRa	l_4WFCIZ	2026/2027	2026-12-27	2026-12-27T14:00:00+00:00	not_started	t_0C4xyR	t_4R934X	Coventry City	Chelsea	Coventry City	Chelsea				2026-10-02T15:53:38.218413+00:00	2	epl			
m_1i4sM0	l_4WFCIZ	2026/2027	2026-12-27	2026-12-27T16:30:00+00:00	not_started	t_2I313i	t_0msSwp	Manchester United	Nottingham Forest	Manchester United	Nottingham Forest				2026-10-02T15:53:38.218413+00:00	2	epl			
m_0QC6gL	l_4WFCIZ	2026/2027	2026-12-27	2026-12-27T19:00:00+00:00	not_started	t_4bz4EP	t_1gkhxH	Crystal Palace	Arsenal	Crystal Palace	Arsenal				2026-10-02T15:53:38.218413+00:00	2	epl			
m_0lC93S	l_4WFCIZ	2026/2027	2026-12-29	2026-12-29T19:30:00+00:00	not_started	t_0HV3k6	t_19Nr9K	Hull City	Leeds United	Hull City	Leeds United				2026-10-02T15:53:38.218413+00:00	2	epl			
m_4ZQFCF	l_4WFCIZ	2026/2027	2026-12-29	2026-12-29T19:30:00+00:00	not_started	t_4A7FfD	t_3eV7Ev	Tottenham Hotspur	Brighton & Hove Albion	Tottenham Hotspur	Brighton & Hove Albion				2026-10-02T15:53:38.218413+00:00	2	epl			
m_2jTWJq	l_4WFCIZ	2026/2027	2026-12-29	2026-12-29T20:15:00+00:00	not_started	t_21IR9d	t_0UCNPX	Everton	Manchester City	Everton	Manchester City				2026-10-02T15:53:38.218413+00:00	2	epl			
m_0FhfPd	l_4WFCIZ	2026/2027	2026-12-30	2026-12-30T19:30:00+00:00	not_started	t_0C4xyR	t_2ihyjC	Coventry City	Brentford	Coventry City	Brentford				2026-10-02T15:53:38.218413+00:00	2	epl			
m_0nUyN8	l_4WFCIZ	2026/2027	2026-12-30	2026-12-30T19:30:00+00:00	not_started	t_1c1ZPD	t_1gkhxH	Fulham	Arsenal	Fulham	Arsenal				2026-10-02T15:53:38.218413+00:00	2	epl			
m_1TzP00	l_4WFCIZ	2026/2027	2026-12-30	2026-12-30T19:30:00+00:00	not_started	t_2I313i	t_2xPV6y	Manchester United	Sunderland	Manchester United	Sunderland				2026-10-02T15:53:38.218413+00:00	2	epl			
m_1nVzv6	l_4WFCIZ	2026/2027	2026-12-30	2026-12-30T19:30:00+00:00	not_started	t_4bz4EP	t_1iaglr	Crystal Palace	AFC Bournemouth	Crystal Palace	AFC Bournemouth				2026-10-02T15:53:38.218413+00:00	2	epl			
m_2o0l3S	l_4WFCIZ	2026/2027	2026-12-30	2026-12-30T19:30:00+00:00	not_started	t_2eQl9k	t_0msSwp	Newcastle United	Nottingham Forest	Newcastle United	Nottingham Forest				2026-10-02T15:53:38.218413+00:00	2	epl			
m_3ZYVIN	l_4WFCIZ	2026/2027	2026-12-30	2026-12-30T20:15:00+00:00	not_started	t_4RqKpo	t_0BrMnM	Aston Villa	Liverpool	Aston Villa	Liverpool				2026-10-02T15:53:38.218413+00:00	2	epl			
m_4WWFml	l_4WFCIZ	2026/2027	2026-12-30	2026-12-30T20:15:00+00:00	not_started	t_2C9laO	t_4R934X	Ipswich Town	Chelsea	Ipswich Town	Chelsea				2026-10-02T15:53:38.218413+00:00	2	epl			
m_14wGvq	l_4WFCIZ	2026/2027	2027-01-01	2027-01-01T20:00:00+00:00	not_started	t_19Nr9K	t_21IR9d	Leeds United	Everton	Leeds United	Everton				2026-10-02T15:53:38.218413+00:00	2	epl			
m_2ckVQl	l_4WFCIZ	2026/2027	2027-01-02	2027-01-02T12:30:00+00:00	not_started	t_3eV7Ev	t_2I313i	Brighton & Hove Albion	Manchester United	Brighton & Hove Albion	Manchester United				2026-10-02T15:53:38.218413+00:00	2	epl			
m_1fvNhP	l_4WFCIZ	2026/2027	2027-01-02	2027-01-02T15:00:00+00:00	not_started	t_0BrMnM	t_0C4xyR	Liverpool	Coventry City	Liverpool	Coventry City				2026-10-02T15:53:38.218413+00:00	2	epl			
m_2Qw1ky	l_4WFCIZ	2026/2027	2027-01-02	2027-01-02T15:00:00+00:00	not_started	t_0msSwp	t_1c1ZPD	Nottingham Forest	Fulham	Nottingham Forest	Fulham				2026-10-02T15:53:38.218413+00:00	2	epl			
m_3hZinl	l_4WFCIZ	2026/2027	2027-01-02	2027-01-02T15:00:00+00:00	not_started	t_2xPV6y	t_0HV3k6	Sunderland	Hull City	Sunderland	Hull City				2026-10-02T15:53:38.218413+00:00	2	epl			
m_3zpPgw	l_4WFCIZ	2026/2027	2027-01-02	2027-01-02T15:00:00+00:00	not_started	t_1gkhxH	t_2C9laO	Arsenal	Ipswich Town	Arsenal	Ipswich Town				2026-10-02T15:53:38.218413+00:00	2	epl			
m_4KIN5J	l_4WFCIZ	2026/2027	2027-01-02	2027-01-02T15:00:00+00:00	not_started	t_2ihyjC	t_4bz4EP	Brentford	Crystal Palace	Brentford	Crystal Palace				2026-10-02T15:53:38.218413+00:00	2	epl			
m_2FnYly	l_4WFCIZ	2026/2027	2027-01-02	2027-01-02T17:30:00+00:00	not_started	t_1iaglr	t_4RqKpo	AFC Bournemouth	Aston Villa	AFC Bournemouth	Aston Villa				2026-10-02T15:53:38.218413+00:00	2	epl			
m_3nOFpI	l_4WFCIZ	2026/2027	2027-01-03	2027-01-03T14:00:00+00:00	not_started	t_4R934X	t_2eQl9k	Chelsea	Newcastle United	Chelsea	Newcastle United				2026-10-02T15:53:38.218413+00:00	2	epl			
m_1tAzr3	l_4WFCIZ	2026/2027	2027-01-03	2027-01-03T16:30:00+00:00	not_started	t_0UCNPX	t_4A7FfD	Manchester City	Tottenham Hotspur	Manchester City	Tottenham Hotspur				2026-10-02T15:53:38.218413+00:00	2	epl			
m_0dxeyJ	l_4WFCIZ	2026/2027	2027-01-05	2027-01-05T19:30:00+00:00	not_started	t_0msSwp	t_0HV3k6	Nottingham Forest	Hull City	Nottingham Forest	Hull City				2026-10-02T15:53:38.218413+00:00	2	epl			
m_1xmxJR	l_4WFCIZ	2026/2027	2027-01-05	2027-01-05T19:30:00+00:00	not_started	t_3eV7Ev	t_1iaglr	Brighton & Hove Albion	AFC Bournemouth	Brighton & Hove Albion	AFC Bournemouth				2026-10-02T15:53:38.218413+00:00	2	epl			
m_40ZslX	l_4WFCIZ	2026/2027	2027-01-05	2027-01-05T19:30:00+00:00	not_started	t_21IR9d	t_4RqKpo	Everton	Aston Villa	Everton	Aston Villa				2026-10-02T15:53:38.218413+00:00	2	epl			
m_4V2K8l	l_4WFCIZ	2026/2027	2027-01-05	2027-01-05T19:30:00+00:00	not_started	t_1gkhxH	t_2ihyjC	Arsenal	Brentford	Arsenal	Brentford				2026-10-02T15:53:38.218413+00:00	2	epl			
m_2YVyLs	l_4WFCIZ	2026/2027	2027-01-05	2027-01-05T20:15:00+00:00	not_started	t_2xPV6y	t_0BrMnM	Sunderland	Liverpool	Sunderland	Liverpool				2026-10-02T15:53:38.218413+00:00	2	epl			
m_07JjTH	l_4WFCIZ	2026/2027	2027-01-06	2027-01-06T19:30:00+00:00	not_started	t_4bz4EP	t_4R934X	Crystal Palace	Chelsea	Crystal Palace	Chelsea				2026-10-02T15:53:38.218413+00:00	2	epl			
m_0wceL1	l_4WFCIZ	2026/2027	2027-01-06	2027-01-06T19:30:00+00:00	not_started	t_1c1ZPD	t_4A7FfD	Fulham	Tottenham Hotspur	Fulham	Tottenham Hotspur				2026-10-02T15:53:38.218413+00:00	2	epl			
m_265oNw	l_4WFCIZ	2026/2027	2027-01-06	2027-01-06T19:30:00+00:00	not_started	t_2C9laO	t_0C4xyR	Ipswich Town	Coventry City	Ipswich Town	Coventry City				2026-10-02T15:53:38.218413+00:00	2	epl			
m_4YjzQt	l_4WFCIZ	2026/2027	2027-01-06	2027-01-06T20:15:00+00:00	not_started	t_19Nr9K	t_0UCNPX	Leeds United	Manchester City	Leeds United	Manchester City				2026-10-02T15:53:38.218413+00:00	2	epl			
m_1w1uBg	l_4WFCIZ	2026/2027	2027-01-07	2027-01-07T20:00:00+00:00	not_started	t_2I313i	t_2eQl9k	Manchester United	Newcastle United	Manchester United	Newcastle United				2026-10-02T15:53:38.218413+00:00	2	epl			
m_0sIpy0	l_4WFCIZ	2026/2027	2027-01-16	2027-01-16T15:00:00+00:00	not_started	t_4A7FfD	t_19Nr9K	Tottenham Hotspur	Leeds United	Tottenham Hotspur	Leeds United				2026-10-02T15:53:38.218413+00:00	2	epl			
m_14naYy	l_4WFCIZ	2026/2027	2027-01-16	2027-01-16T15:00:00+00:00	not_started	t_1iaglr	t_2C9laO	AFC Bournemouth	Ipswich Town	AFC Bournemouth	Ipswich Town				2026-10-02T15:53:38.218413+00:00	2	epl			
m_1924ta	l_4WFCIZ	2026/2027	2027-01-16	2027-01-16T15:00:00+00:00	not_started	t_0C4xyR	t_21IR9d	Coventry City	Everton	Coventry City	Everton				2026-10-02T15:53:38.218413+00:00	2	epl			
m_1TLVLa	l_4WFCIZ	2026/2027	2027-01-16	2027-01-16T15:00:00+00:00	not_started	t_0UCNPX	t_0msSwp	Manchester City	Nottingham Forest	Manchester City	Nottingham Forest				2026-10-02T15:53:38.218413+00:00	2	epl			
m_1m6qEQ	l_4WFCIZ	2026/2027	2027-01-16	2027-01-16T15:00:00+00:00	not_started	t_4RqKpo	t_2I313i	Aston Villa	Manchester United	Aston Villa	Manchester United				2026-10-02T15:53:38.218413+00:00	2	epl			
m_2SX5d7	l_4WFCIZ	2026/2027	2027-01-16	2027-01-16T15:00:00+00:00	not_started	t_0HV3k6	t_1gkhxH	Hull City	Arsenal	Hull City	Arsenal				2026-10-02T15:53:38.218413+00:00	2	epl			
m_2cg4JP	l_4WFCIZ	2026/2027	2027-01-16	2027-01-16T15:00:00+00:00	not_started	t_2eQl9k	t_1c1ZPD	Newcastle United	Fulham	Newcastle United	Fulham				2026-10-02T15:53:38.218413+00:00	2	epl			
m_3ntMOG	l_4WFCIZ	2026/2027	2027-01-16	2027-01-16T15:00:00+00:00	not_started	t_2ihyjC	t_3eV7Ev	Brentford	Brighton & Hove Albion	Brentford	Brighton & Hove Albion				2026-10-02T15:53:38.218413+00:00	2	epl			
m_41kZGY	l_4WFCIZ	2026/2027	2027-01-16	2027-01-16T15:00:00+00:00	not_started	t_0BrMnM	t_4bz4EP	Liverpool	Crystal Palace	Liverpool	Crystal Palace				2026-10-02T15:53:38.218413+00:00	2	epl			
m_4FI9cE	l_4WFCIZ	2026/2027	2027-01-16	2027-01-16T15:00:00+00:00	not_started	t_4R934X	t_2xPV6y	Chelsea	Sunderland	Chelsea	Sunderland				2026-10-02T15:53:38.218413+00:00	2	epl			
m_046afk	l_4WFCIZ	2026/2027	2027-01-23	2027-01-23T15:00:00+00:00	not_started	t_1gkhxH	t_2eQl9k	Arsenal	Newcastle United	Arsenal	Newcastle United				2026-10-02T15:53:38.218413+00:00	2	epl			
m_0AE4jS	l_4WFCIZ	2026/2027	2027-01-23	2027-01-23T15:00:00+00:00	not_started	t_1c1ZPD	t_4RqKpo	Fulham	Aston Villa	Fulham	Aston Villa				2026-10-02T15:53:38.218413+00:00	2	epl			
m_0XOeRl	l_4WFCIZ	2026/2027	2027-01-23	2027-01-23T15:00:00+00:00	not_started	t_19Nr9K	t_4R934X	Leeds United	Chelsea	Leeds United	Chelsea				2026-10-02T15:53:38.218413+00:00	2	epl			
m_1NjLAz	l_4WFCIZ	2026/2027	2027-01-23	2027-01-23T15:00:00+00:00	not_started	t_2xPV6y	t_0C4xyR	Sunderland	Coventry City	Sunderland	Coventry City				2026-10-02T15:53:38.218413+00:00	2	epl			
m_1m3xMQ	l_4WFCIZ	2026/2027	2027-01-23	2027-01-23T15:00:00+00:00	not_started	t_2C9laO	t_0HV3k6	Ipswich Town	Hull City	Ipswich Town	Hull City				2026-10-02T15:53:38.218413+00:00	2	epl			
m_1waP4H	l_4WFCIZ	2026/2027	2027-01-23	2027-01-23T15:00:00+00:00	not_started	t_0msSwp	t_1iaglr	Nottingham Forest	AFC Bournemouth	Nottingham Forest	AFC Bournemouth				2026-10-02T15:53:38.218413+00:00	2	epl			
m_382NLX	l_4WFCIZ	2026/2027	2027-01-23	2027-01-23T15:00:00+00:00	not_started	t_4bz4EP	t_4A7FfD	Crystal Palace	Tottenham Hotspur	Crystal Palace	Tottenham Hotspur				2026-10-02T15:53:38.218413+00:00	2	epl			
m_3k06Pa	l_4WFCIZ	2026/2027	2027-01-23	2027-01-23T15:00:00+00:00	not_started	t_21IR9d	t_2ihyjC	Everton	Brentford	Everton	Brentford				2026-10-02T15:53:38.218413+00:00	2	epl			
m_3slH7e	l_4WFCIZ	2026/2027	2027-01-23	2027-01-23T15:00:00+00:00	not_started	t_2I313i	t_0BrMnM	Manchester United	Liverpool	Manchester United	Liverpool				2026-10-02T15:53:38.218413+00:00	2	epl			
m_4F5U49	l_4WFCIZ	2026/2027	2027-01-23	2027-01-23T15:00:00+00:00	not_started	t_3eV7Ev	t_0UCNPX	Brighton & Hove Albion	Manchester City	Brighton & Hove Albion	Manchester City				2026-10-02T15:53:38.218413+00:00	2	epl			
m_1RWGAZ	l_4WFCIZ	2026/2027	2027-01-30	2027-01-30T15:00:00+00:00	not_started	t_4RqKpo	t_2C9laO	Aston Villa	Ipswich Town	Aston Villa	Ipswich Town				2026-10-02T15:53:38.218413+00:00	2	epl			
m_27X9H1	l_4WFCIZ	2026/2027	2027-01-30	2027-01-30T15:00:00+00:00	not_started	t_0C4xyR	t_19Nr9K	Coventry City	Leeds United	Coventry City	Leeds United				2026-10-02T15:53:38.218413+00:00	2	epl			
m_2K7WJE	l_4WFCIZ	2026/2027	2027-01-30	2027-01-30T15:00:00+00:00	not_started	t_2ihyjC	t_2I313i	Brentford	Manchester United	Brentford	Manchester United				2026-10-02T15:53:38.218413+00:00	2	epl			
m_2RwMsA	l_4WFCIZ	2026/2027	2027-01-30	2027-01-30T15:00:00+00:00	not_started	t_0UCNPX	t_1gkhxH	Manchester City	Arsenal	Manchester City	Arsenal				2026-10-02T15:53:38.218413+00:00	2	epl			
m_3Wt6Y1	l_4WFCIZ	2026/2027	2027-01-30	2027-01-30T15:00:00+00:00	not_started	t_4R934X	t_0msSwp	Chelsea	Nottingham Forest	Chelsea	Nottingham Forest				2026-10-02T15:53:38.218413+00:00	2	epl			
m_3qlkCd	l_4WFCIZ	2026/2027	2027-01-30	2027-01-30T15:00:00+00:00	not_started	t_0HV3k6	t_4bz4EP	Hull City	Crystal Palace	Hull City	Crystal Palace				2026-10-02T15:53:38.218413+00:00	2	epl			
m_3wkwCT	l_4WFCIZ	2026/2027	2027-01-30	2027-01-30T15:00:00+00:00	not_started	t_1iaglr	t_1c1ZPD	AFC Bournemouth	Fulham	AFC Bournemouth	Fulham				2026-10-02T15:53:38.218413+00:00	2	epl			
m_49zH0y	l_4WFCIZ	2026/2027	2027-01-30	2027-01-30T15:00:00+00:00	not_started	t_0BrMnM	t_21IR9d	Liverpool	Everton	Liverpool	Everton				2026-10-02T15:53:38.218413+00:00	2	epl			
m_4LDsq3	l_4WFCIZ	2026/2027	2027-01-30	2027-01-30T15:00:00+00:00	not_started	t_2eQl9k	t_3eV7Ev	Newcastle United	Brighton & Hove Albion	Newcastle United	Brighton & Hove Albion				2026-10-02T15:53:38.218413+00:00	2	epl			
m_4W3lqF	l_4WFCIZ	2026/2027	2027-01-30	2027-01-30T15:00:00+00:00	not_started	t_4A7FfD	t_2xPV6y	Tottenham Hotspur	Sunderland	Tottenham Hotspur	Sunderland				2026-10-02T15:53:38.218413+00:00	2	epl			
m_07sQyu	l_4WFCIZ	2026/2027	2027-02-06	2027-02-06T15:00:00+00:00	not_started	t_21IR9d	t_2eQl9k	Everton	Newcastle United	Everton	Newcastle United				2026-10-02T15:53:38.218413+00:00	2	epl			
m_0LU9oY	l_4WFCIZ	2026/2027	2027-02-06	2027-02-06T15:00:00+00:00	not_started	t_3eV7Ev	t_0HV3k6	Brighton & Hove Albion	Hull City	Brighton & Hove Albion	Hull City				2026-10-02T15:53:38.218413+00:00	2	epl			
m_0NOrLk	l_4WFCIZ	2026/2027	2027-02-06	2027-02-06T15:00:00+00:00	not_started	t_2C9laO	t_4A7FfD	Ipswich Town	Tottenham Hotspur	Ipswich Town	Tottenham Hotspur				2026-10-02T15:53:38.218413+00:00	2	epl			
m_0nq1CU	l_4WFCIZ	2026/2027	2027-02-06	2027-02-06T15:00:00+00:00	not_started	t_1gkhxH	t_0BrMnM	Arsenal	Liverpool	Arsenal	Liverpool				2026-10-02T15:53:38.218413+00:00	2	epl			
m_139Njl	l_4WFCIZ	2026/2027	2027-02-06	2027-02-06T15:00:00+00:00	not_started	t_2I313i	t_4R934X	Manchester United	Chelsea	Manchester United	Chelsea				2026-10-02T15:53:38.218413+00:00	2	epl			
m_1XjTWV	l_4WFCIZ	2026/2027	2027-02-06	2027-02-06T15:00:00+00:00	not_started	t_0msSwp	t_2ihyjC	Nottingham Forest	Brentford	Nottingham Forest	Brentford				2026-10-02T15:53:38.218413+00:00	2	epl			
m_1pjpJ7	l_4WFCIZ	2026/2027	2027-02-06	2027-02-06T15:00:00+00:00	not_started	t_1c1ZPD	t_0UCNPX	Fulham	Manchester City	Fulham	Manchester City				2026-10-02T15:53:38.218413+00:00	2	epl			
m_2a12pu	l_4WFCIZ	2026/2027	2027-02-06	2027-02-06T15:00:00+00:00	not_started	t_19Nr9K	t_1iaglr	Leeds United	AFC Bournemouth	Leeds United	AFC Bournemouth				2026-10-02T15:53:38.218413+00:00	2	epl			
m_31AVez	l_4WFCIZ	2026/2027	2027-02-06	2027-02-06T15:00:00+00:00	not_started	t_4bz4EP	t_0C4xyR	Crystal Palace	Coventry City	Crystal Palace	Coventry City				2026-10-02T15:53:38.218413+00:00	2	epl			
m_3ZNtG7	l_4WFCIZ	2026/2027	2027-02-06	2027-02-06T15:00:00+00:00	not_started	t_2xPV6y	t_4RqKpo	Sunderland	Aston Villa	Sunderland	Aston Villa				2026-10-02T15:53:38.218413+00:00	2	epl			
m_00fyzs	l_4WFCIZ	2026/2027	2027-02-10	2027-02-10T20:00:00+00:00	not_started	t_4RqKpo	t_1iaglr	Aston Villa	AFC Bournemouth	Aston Villa	AFC Bournemouth				2026-10-02T15:53:38.218413+00:00	2	epl			
m_03CsBM	l_4WFCIZ	2026/2027	2027-02-10	2027-02-10T20:00:00+00:00	not_started	t_4bz4EP	t_2ihyjC	Crystal Palace	Brentford	Crystal Palace	Brentford				2026-10-02T15:53:38.218413+00:00	2	epl			
m_10Xlfs	l_4WFCIZ	2026/2027	2027-02-10	2027-02-10T20:00:00+00:00	not_started	t_2C9laO	t_1gkhxH	Ipswich Town	Arsenal	Ipswich Town	Arsenal				2026-10-02T15:53:38.218413+00:00	2	epl			
m_1e6bxB	l_4WFCIZ	2026/2027	2027-02-10	2027-02-10T20:00:00+00:00	not_started	t_2eQl9k	t_4R934X	Newcastle United	Chelsea	Newcastle United	Chelsea				2026-10-02T15:53:38.218413+00:00	2	epl			
m_1rGIj5	l_4WFCIZ	2026/2027	2027-02-10	2027-02-10T20:00:00+00:00	not_started	t_0HV3k6	t_2xPV6y	Hull City	Sunderland	Hull City	Sunderland				2026-10-02T15:53:38.218413+00:00	2	epl			
m_2IzwqZ	l_4WFCIZ	2026/2027	2027-02-10	2027-02-10T20:00:00+00:00	not_started	t_0C4xyR	t_0BrMnM	Coventry City	Liverpool	Coventry City	Liverpool				2026-10-02T15:53:38.218413+00:00	2	epl			
m_2P09Xo	l_4WFCIZ	2026/2027	2027-02-10	2027-02-10T20:00:00+00:00	not_started	t_1c1ZPD	t_0msSwp	Fulham	Nottingham Forest	Fulham	Nottingham Forest				2026-10-02T15:53:38.218413+00:00	2	epl			
m_2mOc3R	l_4WFCIZ	2026/2027	2027-02-10	2027-02-10T20:00:00+00:00	not_started	t_2I313i	t_3eV7Ev	Manchester United	Brighton & Hove Albion	Manchester United	Brighton & Hove Albion				2026-10-02T15:53:38.218413+00:00	2	epl			
m_4Nh2rI	l_4WFCIZ	2026/2027	2027-02-10	2027-02-10T20:00:00+00:00	not_started	t_4A7FfD	t_0UCNPX	Tottenham Hotspur	Manchester City	Tottenham Hotspur	Manchester City				2026-10-02T15:53:38.218413+00:00	2	epl			
m_4b7Vpg	l_4WFCIZ	2026/2027	2027-02-10	2027-02-10T20:00:00+00:00	not_started	t_21IR9d	t_19Nr9K	Everton	Leeds United	Everton	Leeds United				2026-10-02T15:53:38.218413+00:00	2	epl			
m_06tFaS	l_4WFCIZ	2026/2027	2027-02-20	2027-02-20T15:00:00+00:00	not_started	t_3eV7Ev	t_4A7FfD	Brighton & Hove Albion	Tottenham Hotspur	Brighton & Hove Albion	Tottenham Hotspur				2026-10-02T15:53:38.218413+00:00	2	epl			
m_0NjVif	l_4WFCIZ	2026/2027	2027-02-20	2027-02-20T15:00:00+00:00	not_started	t_1iaglr	t_4bz4EP	AFC Bournemouth	Crystal Palace	AFC Bournemouth	Crystal Palace				2026-10-02T15:53:38.218413+00:00	2	epl			
m_1ITcCO	l_4WFCIZ	2026/2027	2027-02-20	2027-02-20T15:00:00+00:00	not_started	t_1gkhxH	t_1c1ZPD	Arsenal	Fulham	Arsenal	Fulham				2026-10-02T15:53:38.218413+00:00	2	epl			
m_1Vks8f	l_4WFCIZ	2026/2027	2027-02-20	2027-02-20T15:00:00+00:00	not_started	t_2xPV6y	t_21IR9d	Sunderland	Everton	Sunderland	Everton				2026-10-02T15:53:38.218413+00:00	2	epl			
m_25PjmC	l_4WFCIZ	2026/2027	2027-02-20	2027-02-20T15:00:00+00:00	not_started	t_0BrMnM	t_0HV3k6	Liverpool	Hull City	Liverpool	Hull City				2026-10-02T15:53:38.218413+00:00	2	epl			
m_2baf5g	l_4WFCIZ	2026/2027	2027-02-20	2027-02-20T15:00:00+00:00	not_started	t_19Nr9K	t_4RqKpo	Leeds United	Aston Villa	Leeds United	Aston Villa				2026-10-02T15:53:38.218413+00:00	2	epl			
m_3bgJ7x	l_4WFCIZ	2026/2027	2027-02-20	2027-02-20T15:00:00+00:00	not_started	t_0msSwp	t_2I313i	Nottingham Forest	Manchester United	Nottingham Forest	Manchester United				2026-10-02T15:53:38.218413+00:00	2	epl			
m_3obVdo	l_4WFCIZ	2026/2027	2027-02-20	2027-02-20T15:00:00+00:00	not_started	t_2ihyjC	t_0C4xyR	Brentford	Coventry City	Brentford	Coventry City				2026-10-02T15:53:38.218413+00:00	2	epl			
m_3tIQC0	l_4WFCIZ	2026/2027	2027-02-20	2027-02-20T15:00:00+00:00	not_started	t_0UCNPX	t_2eQl9k	Manchester City	Newcastle United	Manchester City	Newcastle United				2026-10-02T15:53:38.218413+00:00	2	epl			
m_3zlr7K	l_4WFCIZ	2026/2027	2027-02-20	2027-02-20T15:00:00+00:00	not_started	t_4R934X	t_2C9laO	Chelsea	Ipswich Town	Chelsea	Ipswich Town				2026-10-02T15:53:38.218413+00:00	2	epl			
m_0cXDfI	l_4WFCIZ	2026/2027	2027-02-27	2027-02-27T15:00:00+00:00	not_started	t_2C9laO	t_3eV7Ev	Ipswich Town	Brighton & Hove Albion	Ipswich Town	Brighton & Hove Albion				2026-10-02T15:53:38.218413+00:00	2	epl			
m_10C0On	l_4WFCIZ	2026/2027	2027-02-27	2027-02-27T15:00:00+00:00	not_started	t_4bz4EP	t_2xPV6y	Crystal Palace	Sunderland	Crystal Palace	Sunderland				2026-10-02T15:53:38.218413+00:00	2	epl			
m_1h61z0	l_4WFCIZ	2026/2027	2027-02-27	2027-02-27T15:00:00+00:00	not_started	t_0C4xyR	t_1iaglr	Coventry City	AFC Bournemouth	Coventry City	AFC Bournemouth				2026-10-02T15:53:38.218413+00:00	2	epl			
m_1xHxPn	l_4WFCIZ	2026/2027	2027-02-27	2027-02-27T15:00:00+00:00	not_started	t_4RqKpo	t_4R934X	Aston Villa	Chelsea	Aston Villa	Chelsea				2026-10-02T15:53:38.218413+00:00	2	epl			
m_1y6mvF	l_4WFCIZ	2026/2027	2027-02-27	2027-02-27T15:00:00+00:00	not_started	t_0HV3k6	t_0UCNPX	Hull City	Manchester City	Hull City	Manchester City				2026-10-02T15:53:38.218413+00:00	2	epl			
m_20qawO	l_4WFCIZ	2026/2027	2027-02-27	2027-02-27T15:00:00+00:00	not_started	t_2I313i	t_1gkhxH	Manchester United	Arsenal	Manchester United	Arsenal				2026-10-02T15:53:38.218413+00:00	2	epl			
m_2g5j15	l_4WFCIZ	2026/2027	2027-02-27	2027-02-27T15:00:00+00:00	not_started	t_1c1ZPD	t_19Nr9K	Fulham	Leeds United	Fulham	Leeds United				2026-10-02T15:53:38.218413+00:00	2	epl			
m_3AUOmH	l_4WFCIZ	2026/2027	2027-02-27	2027-02-27T15:00:00+00:00	not_started	t_2eQl9k	t_2ihyjC	Newcastle United	Brentford	Newcastle United	Brentford				2026-10-02T15:53:38.218413+00:00	2	epl			
m_4JiGDx	l_4WFCIZ	2026/2027	2027-02-27	2027-02-27T15:00:00+00:00	not_started	t_4A7FfD	t_0BrMnM	Tottenham Hotspur	Liverpool	Tottenham Hotspur	Liverpool				2026-10-02T15:53:38.218413+00:00	2	epl			
m_4V7mAY	l_4WFCIZ	2026/2027	2027-02-27	2027-02-27T15:00:00+00:00	not_started	t_21IR9d	t_0msSwp	Everton	Nottingham Forest	Everton	Nottingham Forest				2026-10-02T15:53:38.218413+00:00	2	epl			
m_0KTn9w	l_4WFCIZ	2026/2027	2027-03-03	2027-03-03T20:00:00+00:00	not_started	t_2xPV6y	t_2I313i	Sunderland	Manchester United	Sunderland	Manchester United				2026-10-02T15:53:38.218413+00:00	2	epl			
m_0VHjnh	l_4WFCIZ	2026/2027	2027-03-03	2027-03-03T20:00:00+00:00	not_started	t_4R934X	t_0C4xyR	Chelsea	Coventry City	Chelsea	Coventry City				2026-10-02T15:53:38.218413+00:00	2	epl			
m_2Ue4zc	l_4WFCIZ	2026/2027	2027-03-03	2027-03-03T20:00:00+00:00	not_started	t_1iaglr	t_4A7FfD	AFC Bournemouth	Tottenham Hotspur	AFC Bournemouth	Tottenham Hotspur				2026-10-02T15:53:38.218413+00:00	2	epl			
m_3A1473	l_4WFCIZ	2026/2027	2027-03-03	2027-03-03T20:00:00+00:00	not_started	t_19Nr9K	t_0HV3k6	Leeds United	Hull City	Leeds United	Hull City				2026-10-02T15:53:38.218413+00:00	2	epl			
m_3UF5Wr	l_4WFCIZ	2026/2027	2027-03-03	2027-03-03T20:00:00+00:00	not_started	t_0msSwp	t_2eQl9k	Nottingham Forest	Newcastle United	Nottingham Forest	Newcastle United				2026-10-02T15:53:38.218413+00:00	2	epl			
m_3o4B05	l_4WFCIZ	2026/2027	2027-03-03	2027-03-03T20:00:00+00:00	not_started	t_3eV7Ev	t_1c1ZPD	Brighton & Hove Albion	Fulham	Brighton & Hove Albion	Fulham				2026-10-02T15:53:38.218413+00:00	2	epl			
m_3p4ieP	l_4WFCIZ	2026/2027	2027-03-03	2027-03-03T20:00:00+00:00	not_started	t_0UCNPX	t_21IR9d	Manchester City	Everton	Manchester City	Everton				2026-10-02T15:53:38.218413+00:00	2	epl			
m_3wVX3w	l_4WFCIZ	2026/2027	2027-03-03	2027-03-03T20:00:00+00:00	not_started	t_0BrMnM	t_4RqKpo	Liverpool	Aston Villa	Liverpool	Aston Villa				2026-10-02T15:53:38.218413+00:00	2	epl			
m_45tw0F	l_4WFCIZ	2026/2027	2027-03-03	2027-03-03T20:00:00+00:00	not_started	t_2ihyjC	t_2C9laO	Brentford	Ipswich Town	Brentford	Ipswich Town				2026-10-02T15:53:38.218413+00:00	2	epl			
m_46gHte	l_4WFCIZ	2026/2027	2027-03-03	2027-03-03T20:00:00+00:00	not_started	t_1gkhxH	t_4bz4EP	Arsenal	Crystal Palace	Arsenal	Crystal Palace				2026-10-02T15:53:38.218413+00:00	2	epl			
m_0GcWUo	l_4WFCIZ	2026/2027	2027-03-13	2027-03-13T15:00:00+00:00	not_started	t_2xPV6y	t_2ihyjC	Sunderland	Brentford	Sunderland	Brentford				2026-10-02T15:53:38.218413+00:00	2	epl			
m_1PC36a	l_4WFCIZ	2026/2027	2027-03-13	2027-03-13T15:00:00+00:00	not_started	t_0BrMnM	t_2C9laO	Liverpool	Ipswich Town	Liverpool	Ipswich Town				2026-10-02T15:53:38.218413+00:00	2	epl			
m_1ltPyk	l_4WFCIZ	2026/2027	2027-03-13	2027-03-13T15:00:00+00:00	not_started	t_4A7FfD	t_0msSwp	Tottenham Hotspur	Nottingham Forest	Tottenham Hotspur	Nottingham Forest				2026-10-02T15:53:38.218413+00:00	2	epl			
m_2gdmlu	l_4WFCIZ	2026/2027	2027-03-13	2027-03-13T15:00:00+00:00	not_started	t_2I313i	t_21IR9d	Manchester United	Everton	Manchester United	Everton				2026-10-02T15:53:38.218413+00:00	2	epl			
m_2y3rlU	l_4WFCIZ	2026/2027	2027-03-13	2027-03-13T15:00:00+00:00	not_started	t_4R934X	t_1gkhxH	Chelsea	Arsenal	Chelsea	Arsenal				2026-10-02T15:53:38.218413+00:00	2	epl			
m_3Wxwq4	l_4WFCIZ	2026/2027	2027-03-13	2027-03-13T15:00:00+00:00	not_started	t_4bz4EP	t_1c1ZPD	Crystal Palace	Fulham	Crystal Palace	Fulham				2026-10-02T15:53:38.218413+00:00	2	epl			
m_3cU4a8	l_4WFCIZ	2026/2027	2027-03-13	2027-03-13T15:00:00+00:00	not_started	t_0C4xyR	t_0UCNPX	Coventry City	Manchester City	Coventry City	Manchester City				2026-10-02T15:53:38.218413+00:00	2	epl			
m_3lq8t0	l_4WFCIZ	2026/2027	2027-03-13	2027-03-13T15:00:00+00:00	not_started	t_4RqKpo	t_0HV3k6	Aston Villa	Hull City	Aston Villa	Hull City				2026-10-02T15:53:38.218413+00:00	2	epl			
m_3p0P7W	l_4WFCIZ	2026/2027	2027-03-13	2027-03-13T15:00:00+00:00	not_started	t_19Nr9K	t_3eV7Ev	Leeds United	Brighton & Hove Albion	Leeds United	Brighton & Hove Albion				2026-10-02T15:53:38.218413+00:00	2	epl			
m_48t3NN	l_4WFCIZ	2026/2027	2027-03-13	2027-03-13T15:00:00+00:00	not_started	t_1iaglr	t_2eQl9k	AFC Bournemouth	Newcastle United	AFC Bournemouth	Newcastle United				2026-10-02T15:53:38.218413+00:00	2	epl			
m_0Rt3jJ	l_4WFCIZ	2026/2027	2027-03-20	2027-03-20T15:00:00+00:00	not_started	t_2ihyjC	t_1iaglr	Brentford	AFC Bournemouth	Brentford	AFC Bournemouth				2026-10-02T15:53:38.218413+00:00	2	epl			
m_1ia1OM	l_4WFCIZ	2026/2027	2027-03-20	2027-03-20T15:00:00+00:00	not_started	t_0UCNPX	t_2I313i	Manchester City	Manchester United	Manchester City	Manchester United				2026-10-02T15:53:38.218413+00:00	2	epl			
m_32AK0Y	l_4WFCIZ	2026/2027	2027-03-20	2027-03-20T15:00:00+00:00	not_started	t_21IR9d	t_4A7FfD	Everton	Tottenham Hotspur	Everton	Tottenham Hotspur				2026-10-02T15:53:38.218413+00:00	2	epl			
m_3C9EJI	l_4WFCIZ	2026/2027	2027-03-20	2027-03-20T15:00:00+00:00	not_started	t_2C9laO	t_4bz4EP	Ipswich Town	Crystal Palace	Ipswich Town	Crystal Palace				2026-10-02T15:53:38.218413+00:00	2	epl			
m_3eAL0o	l_4WFCIZ	2026/2027	2027-03-20	2027-03-20T15:00:00+00:00	not_started	t_3eV7Ev	t_0C4xyR	Brighton & Hove Albion	Coventry City	Brighton & Hove Albion	Coventry City				2026-10-02T15:53:38.218413+00:00	2	epl			
m_3xZl3d	l_4WFCIZ	2026/2027	2027-03-20	2027-03-20T15:00:00+00:00	not_started	t_2eQl9k	t_19Nr9K	Newcastle United	Leeds United	Newcastle United	Leeds United				2026-10-02T15:53:38.218413+00:00	2	epl			
m_3y1Saj	l_4WFCIZ	2026/2027	2027-03-20	2027-03-20T15:00:00+00:00	not_started	t_0msSwp	t_4RqKpo	Nottingham Forest	Aston Villa	Nottingham Forest	Aston Villa				2026-10-02T15:53:38.218413+00:00	2	epl			
m_4LcwAz	l_4WFCIZ	2026/2027	2027-03-20	2027-03-20T15:00:00+00:00	not_started	t_0HV3k6	t_4R934X	Hull City	Chelsea	Hull City	Chelsea				2026-10-02T15:53:38.218413+00:00	2	epl			
m_4TEXdw	l_4WFCIZ	2026/2027	2027-03-20	2027-03-20T15:00:00+00:00	not_started	t_1gkhxH	t_2xPV6y	Arsenal	Sunderland	Arsenal	Sunderland				2026-10-02T15:53:38.218413+00:00	2	epl			
m_4W1llf	l_4WFCIZ	2026/2027	2027-03-20	2027-03-20T15:00:00+00:00	not_started	t_1c1ZPD	t_0BrMnM	Fulham	Liverpool	Fulham	Liverpool				2026-10-02T15:53:38.218413+00:00	2	epl			
m_02sEoB	l_4WFCIZ	2026/2027	2027-04-10	2027-04-10T14:00:00+00:00	not_started	t_2xPV6y	t_2C9laO	Sunderland	Ipswich Town	Sunderland	Ipswich Town				2026-10-02T15:53:38.218413+00:00	2	epl			
m_0E4G4x	l_4WFCIZ	2026/2027	2027-04-10	2027-04-10T14:00:00+00:00	not_started	t_4A7FfD	t_2ihyjC	Tottenham Hotspur	Brentford	Tottenham Hotspur	Brentford				2026-10-02T15:53:38.218413+00:00	2	epl			
m_0y2y2k	l_4WFCIZ	2026/2027	2027-04-10	2027-04-10T14:00:00+00:00	not_started	t_4R934X	t_1c1ZPD	Chelsea	Fulham	Chelsea	Fulham				2026-10-02T15:53:38.218413+00:00	2	epl			
m_0ymIKj	l_4WFCIZ	2026/2027	2027-04-10	2027-04-10T14:00:00+00:00	not_started	t_4bz4EP	t_21IR9d	Crystal Palace	Everton	Crystal Palace	Everton				2026-10-02T15:53:38.218413+00:00	2	epl			
m_2CgZpm	l_4WFCIZ	2026/2027	2027-04-10	2027-04-10T14:00:00+00:00	not_started	t_19Nr9K	t_0msSwp	Leeds United	Nottingham Forest	Leeds United	Nottingham Forest				2026-10-02T15:53:38.218413+00:00	2	epl			
m_2Qu8p4	l_4WFCIZ	2026/2027	2027-04-10	2027-04-10T14:00:00+00:00	not_started	t_0C4xyR	t_1gkhxH	Coventry City	Arsenal	Coventry City	Arsenal				2026-10-02T15:53:38.218413+00:00	2	epl			
m_35q6Zd	l_4WFCIZ	2026/2027	2027-04-10	2027-04-10T14:00:00+00:00	not_started	t_0BrMnM	t_2eQl9k	Liverpool	Newcastle United	Liverpool	Newcastle United				2026-10-02T15:53:38.218413+00:00	2	epl			
m_3prhup	l_4WFCIZ	2026/2027	2027-04-10	2027-04-10T14:00:00+00:00	not_started	t_4RqKpo	t_3eV7Ev	Aston Villa	Brighton & Hove Albion	Aston Villa	Brighton & Hove Albion				2026-10-02T15:53:38.218413+00:00	2	epl			
m_45RtWv	l_4WFCIZ	2026/2027	2027-04-10	2027-04-10T14:00:00+00:00	not_started	t_1iaglr	t_0UCNPX	AFC Bournemouth	Manchester City	AFC Bournemouth	Manchester City				2026-10-02T15:53:38.218413+00:00	2	epl			
m_4ciN34	l_4WFCIZ	2026/2027	2027-04-10	2027-04-10T14:00:00+00:00	not_started	t_2I313i	t_0HV3k6	Manchester United	Hull City	Manchester United	Hull City				2026-10-02T15:53:38.218413+00:00	2	epl			
m_0MvMl0	l_4WFCIZ	2026/2027	2027-04-17	2027-04-17T14:00:00+00:00	not_started	t_2ihyjC	t_19Nr9K	Brentford	Leeds United	Brentford	Leeds United				2026-10-02T15:53:38.218413+00:00	2	epl			
m_0tWU9K	l_4WFCIZ	2026/2027	2027-04-17	2027-04-17T14:00:00+00:00	not_started	t_3eV7Ev	t_4R934X	Brighton & Hove Albion	Chelsea	Brighton & Hove Albion	Chelsea				2026-10-02T15:53:38.218413+00:00	2	epl			
m_2ZfA4E	l_4WFCIZ	2026/2027	2027-04-17	2027-04-17T14:00:00+00:00	not_started	t_2C9laO	t_2I313i	Ipswich Town	Manchester United	Ipswich Town	Manchester United				2026-10-02T15:53:38.218413+00:00	2	epl			
m_3B8zRD	l_4WFCIZ	2026/2027	2027-04-17	2027-04-17T14:00:00+00:00	not_started	t_21IR9d	t_1iaglr	Everton	AFC Bournemouth	Everton	AFC Bournemouth				2026-10-02T15:53:38.218413+00:00	2	epl			
m_3KAIBO	l_4WFCIZ	2026/2027	2027-04-17	2027-04-17T14:00:00+00:00	not_started	t_0HV3k6	t_0C4xyR	Hull City	Coventry City	Hull City	Coventry City				2026-10-02T15:53:38.218413+00:00	2	epl			
m_3MZIjU	l_4WFCIZ	2026/2027	2027-04-17	2027-04-17T14:00:00+00:00	not_started	t_2eQl9k	t_4A7FfD	Newcastle United	Tottenham Hotspur	Newcastle United	Tottenham Hotspur				2026-10-02T15:53:38.218413+00:00	2	epl			
m_3YgEBb	l_4WFCIZ	2026/2027	2027-04-17	2027-04-17T14:00:00+00:00	not_started	t_1c1ZPD	t_2xPV6y	Fulham	Sunderland	Fulham	Sunderland				2026-10-02T15:53:38.218413+00:00	2	epl			
m_3baGws	l_4WFCIZ	2026/2027	2027-04-17	2027-04-17T14:00:00+00:00	not_started	t_1gkhxH	t_4RqKpo	Arsenal	Aston Villa	Arsenal	Aston Villa				2026-10-02T15:53:38.218413+00:00	2	epl			
m_3gTwdh	l_4WFCIZ	2026/2027	2027-04-17	2027-04-17T14:00:00+00:00	not_started	t_0msSwp	t_0BrMnM	Nottingham Forest	Liverpool	Nottingham Forest	Liverpool				2026-10-02T15:53:38.218413+00:00	2	epl			
m_4CHJ5I	l_4WFCIZ	2026/2027	2027-04-17	2027-04-17T14:00:00+00:00	not_started	t_0UCNPX	t_4bz4EP	Manchester City	Crystal Palace	Manchester City	Crystal Palace				2026-10-02T15:53:38.218413+00:00	2	epl			
m_0u1h5n	l_4WFCIZ	2026/2027	2027-04-24	2027-04-24T14:00:00+00:00	not_started	t_2ihyjC	t_1c1ZPD	Brentford	Fulham	Brentford	Fulham				2026-10-02T15:53:38.218413+00:00	2	epl			
m_1TNyJA	l_4WFCIZ	2026/2027	2027-04-24	2027-04-24T14:00:00+00:00	not_started	t_21IR9d	t_3eV7Ev	Everton	Brighton & Hove Albion	Everton	Brighton & Hove Albion				2026-10-02T15:53:38.218413+00:00	2	epl			
m_1h62Y2	l_4WFCIZ	2026/2027	2027-04-24	2027-04-24T14:00:00+00:00	not_started	t_4A7FfD	t_0HV3k6	Tottenham Hotspur	Hull City	Tottenham Hotspur	Hull City				2026-10-02T15:53:38.218413+00:00	2	epl			
m_1wFwaQ	l_4WFCIZ	2026/2027	2027-04-24	2027-04-24T14:00:00+00:00	not_started	t_4RqKpo	t_0C4xyR	Aston Villa	Coventry City	Aston Villa	Coventry City				2026-10-02T15:53:38.218413+00:00	2	epl			
m_2A4Kq7	l_4WFCIZ	2026/2027	2027-04-24	2027-04-24T14:00:00+00:00	not_started	t_2eQl9k	t_2C9laO	Newcastle United	Ipswich Town	Newcastle United	Ipswich Town				2026-10-02T15:53:38.218413+00:00	2	epl			
m_2ClHSP	l_4WFCIZ	2026/2027	2027-04-24	2027-04-24T14:00:00+00:00	not_started	t_19Nr9K	t_0BrMnM	Leeds United	Liverpool	Leeds United	Liverpool				2026-10-02T15:53:38.218413+00:00	2	epl			
m_2JFA6C	l_4WFCIZ	2026/2027	2027-04-24	2027-04-24T14:00:00+00:00	not_started	t_0msSwp	t_2xPV6y	Nottingham Forest	Sunderland	Nottingham Forest	Sunderland				2026-10-02T15:53:38.218413+00:00	2	epl			
m_2rJJT2	l_4WFCIZ	2026/2027	2027-04-24	2027-04-24T14:00:00+00:00	not_started	t_4R934X	t_0UCNPX	Chelsea	Manchester City	Chelsea	Manchester City				2026-10-02T15:53:38.218413+00:00	2	epl			
m_31jGxN	l_4WFCIZ	2026/2027	2027-04-24	2027-04-24T14:00:00+00:00	not_started	t_1iaglr	t_1gkhxH	AFC Bournemouth	Arsenal	AFC Bournemouth	Arsenal				2026-10-02T15:53:38.218413+00:00	2	epl			
m_4FpHnW	l_4WFCIZ	2026/2027	2027-04-24	2027-04-24T14:00:00+00:00	not_started	t_2I313i	t_4bz4EP	Manchester United	Crystal Palace	Manchester United	Crystal Palace				2026-10-02T15:53:38.218413+00:00	2	epl			
m_0Nh1WB	l_4WFCIZ	2026/2027	2027-05-01	2027-05-01T14:00:00+00:00	not_started	t_1c1ZPD	t_21IR9d	Fulham	Everton	Fulham	Everton				2026-10-02T15:53:38.218413+00:00	2	epl			
m_0OLT9g	l_4WFCIZ	2026/2027	2027-05-01	2027-05-01T14:00:00+00:00	not_started	t_0C4xyR	t_2I313i	Coventry City	Manchester United	Coventry City	Manchester United				2026-10-02T15:53:38.218413+00:00	2	epl			
m_0nt4iF	l_4WFCIZ	2026/2027	2027-05-01	2027-05-01T14:00:00+00:00	not_started	t_0HV3k6	t_1iaglr	Hull City	AFC Bournemouth	Hull City	AFC Bournemouth				2026-10-02T15:53:38.218413+00:00	2	epl			
m_1X0pXj	l_4WFCIZ	2026/2027	2027-05-01	2027-05-01T14:00:00+00:00	not_started	t_2C9laO	t_19Nr9K	Ipswich Town	Leeds United	Ipswich Town	Leeds United				2026-10-02T15:53:38.218413+00:00	2	epl			
m_1bnZem	l_4WFCIZ	2026/2027	2027-05-01	2027-05-01T14:00:00+00:00	not_started	t_1gkhxH	t_4A7FfD	Arsenal	Tottenham Hotspur	Arsenal	Tottenham Hotspur				2026-10-02T15:53:38.218413+00:00	2	epl			
m_1ctbH8	l_4WFCIZ	2026/2027	2027-05-01	2027-05-01T14:00:00+00:00	not_started	t_2xPV6y	t_2eQl9k	Sunderland	Newcastle United	Sunderland	Newcastle United				2026-10-02T15:53:38.218413+00:00	2	epl			
m_2FS9RL	l_4WFCIZ	2026/2027	2027-05-01	2027-05-01T14:00:00+00:00	not_started	t_0UCNPX	t_2ihyjC	Manchester City	Brentford	Manchester City	Brentford				2026-10-02T15:53:38.218413+00:00	2	epl			
m_3Fjdjq	l_4WFCIZ	2026/2027	2027-05-01	2027-05-01T14:00:00+00:00	not_started	t_4bz4EP	t_4RqKpo	Crystal Palace	Aston Villa	Crystal Palace	Aston Villa				2026-10-02T15:53:38.218413+00:00	2	epl			
m_3mJb3L	l_4WFCIZ	2026/2027	2027-05-01	2027-05-01T14:00:00+00:00	not_started	t_0BrMnM	t_4R934X	Liverpool	Chelsea	Liverpool	Chelsea				2026-10-02T15:53:38.218413+00:00	2	epl			
m_3u3jew	l_4WFCIZ	2026/2027	2027-05-01	2027-05-01T14:00:00+00:00	not_started	t_3eV7Ev	t_0msSwp	Brighton & Hove Albion	Nottingham Forest	Brighton & Hove Albion	Nottingham Forest				2026-10-02T15:53:38.218413+00:00	2	epl			
m_04mBX2	l_4WFCIZ	2026/2027	2027-05-08	2027-05-08T14:00:00+00:00	not_started	t_3eV7Ev	t_2xPV6y	Brighton & Hove Albion	Sunderland	Brighton & Hove Albion	Sunderland				2026-10-02T15:53:38.218413+00:00	2	epl			
m_0C5Nju	l_4WFCIZ	2026/2027	2027-05-08	2027-05-08T14:00:00+00:00	not_started	t_4A7FfD	t_4R934X	Tottenham Hotspur	Chelsea	Tottenham Hotspur	Chelsea				2026-10-02T15:53:38.218413+00:00	2	epl			
m_0F9rPK	l_4WFCIZ	2026/2027	2027-05-08	2027-05-08T14:00:00+00:00	not_started	t_21IR9d	t_0HV3k6	Everton	Hull City	Everton	Hull City				2026-10-02T15:53:38.218413+00:00	2	epl			
m_1zYriE	l_4WFCIZ	2026/2027	2027-05-08	2027-05-08T14:00:00+00:00	not_started	t_0UCNPX	t_0BrMnM	Manchester City	Liverpool	Manchester City	Liverpool				2026-10-02T15:53:38.218413+00:00	2	epl			
m_2DB71p	l_4WFCIZ	2026/2027	2027-05-08	2027-05-08T14:00:00+00:00	not_started	t_1iaglr	t_2I313i	AFC Bournemouth	Manchester United	AFC Bournemouth	Manchester United				2026-10-02T15:53:38.218413+00:00	2	epl			
m_2DIj7v	l_4WFCIZ	2026/2027	2027-05-08	2027-05-08T14:00:00+00:00	not_started	t_1c1ZPD	t_2C9laO	Fulham	Ipswich Town	Fulham	Ipswich Town				2026-10-02T15:53:38.218413+00:00	2	epl			
m_2qYh02	l_4WFCIZ	2026/2027	2027-05-08	2027-05-08T14:00:00+00:00	not_started	t_19Nr9K	t_1gkhxH	Leeds United	Arsenal	Leeds United	Arsenal				2026-10-02T15:53:38.218413+00:00	2	epl			
m_3SJrFa	l_4WFCIZ	2026/2027	2027-05-08	2027-05-08T14:00:00+00:00	not_started	t_2ihyjC	t_4RqKpo	Brentford	Aston Villa	Brentford	Aston Villa				2026-10-02T15:53:38.218413+00:00	2	epl			
m_3gOgJa	l_4WFCIZ	2026/2027	2027-05-08	2027-05-08T14:00:00+00:00	not_started	t_2eQl9k	t_0C4xyR	Newcastle United	Coventry City	Newcastle United	Coventry City				2026-10-02T15:53:38.218413+00:00	2	epl			
m_4XamBx	l_4WFCIZ	2026/2027	2027-05-08	2027-05-08T14:00:00+00:00	not_started	t_0msSwp	t_4bz4EP	Nottingham Forest	Crystal Palace	Nottingham Forest	Crystal Palace				2026-10-02T15:53:38.218413+00:00	2	epl			
m_05bY4D	l_4WFCIZ	2026/2027	2027-05-15	2027-05-15T14:00:00+00:00	not_started	t_2C9laO	t_0UCNPX	Ipswich Town	Manchester City	Ipswich Town	Manchester City				2026-10-02T15:53:38.218413+00:00	2	epl			
m_0jX2sp	l_4WFCIZ	2026/2027	2027-05-15	2027-05-15T14:00:00+00:00	not_started	t_2I313i	t_19Nr9K	Manchester United	Leeds United	Manchester United	Leeds United				2026-10-02T15:53:38.218413+00:00	2	epl			
m_2Cq7XH	l_4WFCIZ	2026/2027	2027-05-15	2027-05-15T14:00:00+00:00	not_started	t_4bz4EP	t_3eV7Ev	Crystal Palace	Brighton & Hove Albion	Crystal Palace	Brighton & Hove Albion				2026-10-02T15:53:38.218413+00:00	2	epl			
m_2bWwTk	l_4WFCIZ	2026/2027	2027-05-15	2027-05-15T14:00:00+00:00	not_started	t_2xPV6y	t_1iaglr	Sunderland	AFC Bournemouth	Sunderland	AFC Bournemouth				2026-10-02T15:53:38.218413+00:00	2	epl			
m_3F5HjZ	l_4WFCIZ	2026/2027	2027-05-15	2027-05-15T14:00:00+00:00	not_started	t_0HV3k6	t_1c1ZPD	Hull City	Fulham	Hull City	Fulham				2026-10-02T15:53:38.218413+00:00	2	epl			
m_3v8SAD	l_4WFCIZ	2026/2027	2027-05-15	2027-05-15T14:00:00+00:00	not_started	t_0C4xyR	t_4A7FfD	Coventry City	Tottenham Hotspur	Coventry City	Tottenham Hotspur				2026-10-02T15:53:38.218413+00:00	2	epl			
m_47aIGR	l_4WFCIZ	2026/2027	2027-05-15	2027-05-15T14:00:00+00:00	not_started	t_0BrMnM	t_2ihyjC	Liverpool	Brentford	Liverpool	Brentford				2026-10-02T15:53:38.218413+00:00	2	epl			
m_4NAp7k	l_4WFCIZ	2026/2027	2027-05-15	2027-05-15T14:00:00+00:00	not_started	t_4RqKpo	t_2eQl9k	Aston Villa	Newcastle United	Aston Villa	Newcastle United				2026-10-02T15:53:38.218413+00:00	2	epl			
m_4TfZAY	l_4WFCIZ	2026/2027	2027-05-15	2027-05-15T14:00:00+00:00	not_started	t_4R934X	t_21IR9d	Chelsea	Everton	Chelsea	Everton				2026-10-02T15:53:38.218413+00:00	2	epl			
m_4dPulz	l_4WFCIZ	2026/2027	2027-05-15	2027-05-15T14:00:00+00:00	not_started	t_1gkhxH	t_0msSwp	Arsenal	Nottingham Forest	Arsenal	Nottingham Forest				2026-10-02T15:53:38.218413+00:00	2	epl			
m_0M0uTP	l_4WFCIZ	2026/2027	2027-05-23	2027-05-23T14:00:00+00:00	not_started	t_21IR9d	t_1gkhxH	Everton	Arsenal	Everton	Arsenal				2026-10-02T15:53:38.218413+00:00	2	epl			
m_0RykTz	l_4WFCIZ	2026/2027	2027-05-23	2027-05-23T14:00:00+00:00	not_started	t_1c1ZPD	t_0C4xyR	Fulham	Coventry City	Fulham	Coventry City				2026-10-02T15:53:38.218413+00:00	2	epl			
m_0et5I9	l_4WFCIZ	2026/2027	2027-05-23	2027-05-23T14:00:00+00:00	not_started	t_2eQl9k	t_4bz4EP	Newcastle United	Crystal Palace	Newcastle United	Crystal Palace				2026-10-02T15:53:38.218413+00:00	2	epl			
m_0qDHHd	l_4WFCIZ	2026/2027	2027-05-23	2027-05-23T14:00:00+00:00	not_started	t_4A7FfD	t_2I313i	Tottenham Hotspur	Manchester United	Tottenham Hotspur	Manchester United				2026-10-02T15:53:38.218413+00:00	2	epl			
m_0ukuro	l_4WFCIZ	2026/2027	2027-05-23	2027-05-23T14:00:00+00:00	not_started	t_1iaglr	t_4R934X	AFC Bournemouth	Chelsea	AFC Bournemouth	Chelsea				2026-10-02T15:53:38.218413+00:00	2	epl			
m_11dDlk	l_4WFCIZ	2026/2027	2027-05-23	2027-05-23T14:00:00+00:00	not_started	t_3eV7Ev	t_0BrMnM	Brighton & Hove Albion	Liverpool	Brighton & Hove Albion	Liverpool				2026-10-02T15:53:38.218413+00:00	2	epl			
m_2Gvwg4	l_4WFCIZ	2026/2027	2027-05-23	2027-05-23T14:00:00+00:00	not_started	t_2ihyjC	t_0HV3k6	Brentford	Hull City	Brentford	Hull City				2026-10-02T15:53:38.218413+00:00	2	epl			
m_2zIAKF	l_4WFCIZ	2026/2027	2027-05-23	2027-05-23T14:00:00+00:00	not_started	t_0msSwp	t_2C9laO	Nottingham Forest	Ipswich Town	Nottingham Forest	Ipswich Town				2026-10-02T15:53:38.218413+00:00	2	epl			
m_3pNYiT	l_4WFCIZ	2026/2027	2027-05-23	2027-05-23T14:00:00+00:00	not_started	t_0UCNPX	t_4RqKpo	Manchester City	Aston Villa	Manchester City	Aston Villa				2026-10-02T15:53:38.218413+00:00	2	epl			
m_4ZDYGh	l_4WFCIZ	2026/2027	2027-05-23	2027-05-23T14:00:00+00:00	not_started	t_19Nr9K	t_2xPV6y	Leeds United	Sunderland	Leeds United	Sunderland				2026-10-02T15:53:38.218413+00:00	2	epl			
m_0zEZJY	l_4WFCIZ	2026/2027	2027-05-30	2027-05-30T15:00:00+00:00	not_started	t_4bz4EP	t_19Nr9K	Crystal Palace	Leeds United	Crystal Palace	Leeds United				2026-10-02T15:53:38.218413+00:00	2	epl			
m_1Jhevi	l_4WFCIZ	2026/2027	2027-05-30	2027-05-30T15:00:00+00:00	not_started	t_1gkhxH	t_3eV7Ev	Arsenal	Brighton & Hove Albion	Arsenal	Brighton & Hove Albion				2026-10-02T15:53:38.218413+00:00	2	epl			
m_1ObJ0x	l_4WFCIZ	2026/2027	2027-05-30	2027-05-30T15:00:00+00:00	not_started	t_4RqKpo	t_4A7FfD	Aston Villa	Tottenham Hotspur	Aston Villa	Tottenham Hotspur				2026-10-02T15:53:38.218413+00:00	2	epl			
m_1W4wIe	l_4WFCIZ	2026/2027	2027-05-30	2027-05-30T15:00:00+00:00	not_started	t_2xPV6y	t_0UCNPX	Sunderland	Manchester City	Sunderland	Manchester City				2026-10-02T15:53:38.218413+00:00	2	epl			
m_2Bmsm8	l_4WFCIZ	2026/2027	2027-05-30	2027-05-30T15:00:00+00:00	not_started	t_2I313i	t_1c1ZPD	Manchester United	Fulham	Manchester United	Fulham				2026-10-02T15:53:38.218413+00:00	2	epl			
m_3Ar24f	l_4WFCIZ	2026/2027	2027-05-30	2027-05-30T15:00:00+00:00	not_started	t_0BrMnM	t_1iaglr	Liverpool	AFC Bournemouth	Liverpool	AFC Bournemouth				2026-10-02T15:53:38.218413+00:00	2	epl			
m_3gQKfs	l_4WFCIZ	2026/2027	2027-05-30	2027-05-30T15:00:00+00:00	not_started	t_4R934X	t_2ihyjC	Chelsea	Brentford	Chelsea	Brentford				2026-10-02T15:53:38.218413+00:00	2	epl			
m_3jEeAh	l_4WFCIZ	2026/2027	2027-05-30	2027-05-30T15:00:00+00:00	not_started	t_0HV3k6	t_2eQl9k	Hull City	Newcastle United	Hull City	Newcastle United				2026-10-02T15:53:38.218413+00:00	2	epl			
m_3qYVSv	l_4WFCIZ	2026/2027	2027-05-30	2027-05-30T15:00:00+00:00	not_started	t_0C4xyR	t_0msSwp	Coventry City	Nottingham Forest	Coventry City	Nottingham Forest				2026-10-02T15:53:38.218413+00:00	2	epl			
m_3zbj5q	l_4WFCIZ	2026/2027	2027-05-30	2027-05-30T15:00:00+00:00	not_started	t_2C9laO	t_21IR9d	Ipswich Town	Everton	Ipswich Town	Everton				2026-10-02T15:53:38.218413+00:00	2	epl			
