fixture_id	provider_match_id	confidence	reason	provider	home_team_id	away_team_id	kickoff_utc	mapped_at
fx:b6ee5683ed2d1c81a95c	m_4XaKJV	1.0	normalized oriented team pair + kickoff tolerance	pitchapi	epl:nott-m-forest	epl:leeds	2026-08-22 14:00:00+00:00	2026-10-02T15:39:22.731617+00:00
fx:4814199a03db697142fc	m_35kfRG	1.0	normalized oriented team pair + kickoff tolerance	pitchapi	epl:everton	epl:crystal-palace	2026-08-22 14:00:00+00:00	2026-10-02T15:39:22.731617+00:00
fx:a30286d1f158bd7445b8	m_4c9pFe	1.0	normalized oriented team pair + kickoff tolerance	pitchapi	epl:brentford	epl:tottenham	2026-08-22 16:30:00+00:00	2026-10-02T15:39:22.731617+00:00
fx:1549bb04ec6234bfa3b1	m_3hAL4q	1.0	normalized oriented team pair + kickoff tolerance	pitchapi	epl:brighton	epl:aston-villa	2026-08-23 13:00:00+00:00	2026-10-02T15:39:22.731617+00:00
fx:4b237e8a7cc5eb2940af	m_3VaqwY	1.0	normalized oriented team pair + kickoff tolerance	pitchapi	epl:man-city	epl:bournemouth	2026-08-23 13:00:00+00:00	2026-10-02T15:39:22.731617+00:00
fx:8449404dd056efaacb96	m_43Y466	1.0	normalized oriented team pair + kickoff tolerance	pitchapi	epl:newcastle	epl:liverpool	2026-08-23 15:30:00+00:00	2026-10-02T15:39:22.731617+00:00
fx:3c272092f199e46f9f29	m_1Bhobw	1.0	normalized oriented team pair + kickoff tolerance	pitchapi	epl:fulham	epl:chelsea	2026-08-24 19:00:00+00:00	2026-10-02T15:39:22.731617+00:00
fx:c2ec046f5d4f7e0b3f60	m_4HsQJz	1.0	normalized oriented team pair + kickoff tolerance	pitchapi	epl:crystal-palace	epl:man-city	2026-08-28 19:00:00+00:00	2026-10-02T15:39:22.731617+00:00
fx:ab96fe8b923b13142547	m_1Mu6Gm	1.0	normalized oriented team pair + kickoff tolerance	pitchapi	epl:liverpool	epl:nott-m-forest	2026-08-29 11:30:00+00:00	2026-10-02T15:39:22.731617+00:00
fx:3379fafcc9793d5ab187	m_48Rd6p	1.0	normalized oriented team pair + kickoff tolerance	pitchapi	epl:bournemouth	epl:everton	2026-08-29 14:00:00+00:00	2026-10-02T15:39:22.731617+00:00
fx:18b505ce7f9c958a6113	m_2R0ffv	1.0	normalized oriented team pair + kickoff tolerance	pitchapi	epl:tottenham	epl:newcastle	2026-08-29 16:30:00+00:00	2026-10-02T15:39:22.731617+00:00
fx:377672432c74b27539b4	m_2pvsQv	1.0	normalized oriented team pair + kickoff tolerance	pitchapi	epl:sunderland	epl:fulham	2026-08-30 13:00:00+00:00	2026-10-02T15:39:22.731617+00:00
fx:de46ea9ce2ecdd82c6b5	m_4CpwFk	1.0	normalized oriented team pair + kickoff tolerance	pitchapi	epl:leeds	epl:brentford	2026-08-30 13:00:00+00:00	2026-10-02T15:39:22.731617+00:00
fx:676b4a40d02f77948474	m_2za57L	1.0	normalized oriented team pair + kickoff tolerance	pitchapi	epl:chelsea	epl:brighton	2026-08-30 13:00:00+00:00	2026-10-02T15:39:22.731617+00:00
fx:31ba9dd52c44f57ae125	m_12AMnW	1.0	normalized oriented team pair + kickoff tolerance	pitchapi	epl:aston-villa	epl:arsenal	2026-08-31 19:00:00+00:00	2026-10-02T15:39:22.731617+00:00
fx:6da28972b3461d562c6b	m_0bF5y0	1.0	normalized oriented team pair + kickoff tolerance	pitchapi	epl:newcastle	epl:bournemouth	2026-09-05 11:30:00+00:00	2026-10-02T15:39:22.731617+00:00
fx:33413c29a8be2fefa131	m_3mjltl	1.0	normalized oriented team pair + kickoff tolerance	pitchapi	epl:fulham	epl:crystal-palace	2026-09-05 14:00:00+00:00	2026-10-02T15:39:22.731617+00:00
fx:56b2cb485cbc9be82d7d	m_0ANyvj	1.0	normalized oriented team pair + kickoff tolerance	pitchapi	epl:brentford	epl:sunderland	2026-09-05 14:00:00+00:00	2026-10-02T15:39:22.731617+00:00
fx:06007b64b144e19096b8	m_0SCdQY	1.0	normalized oriented team pair + kickoff tolerance	pitchapi	epl:nott-m-forest	epl:tottenham	2026-09-05 14:00:00+00:00	2026-10-02T15:39:22.731617+00:00
fx:46261bb4db39028cc408	m_0X8rin	1.0	normalized oriented team pair + kickoff tolerance	pitchapi	epl:brighton	epl:leeds	2026-09-05 14:00:00+00:00	2026-10-02T15:39:22.731617+00:00
fx:cf1de2267729e34dcd46	m_3zGtlu	1.0	normalized oriented team pair + kickoff tolerance	pitchapi	epl:everton	epl:man-united	2026-09-06 13:00:00+00:00	2026-10-02T15:39:22.731617+00:00
fx:da55c4cbf6c5caf4af2c	m_0PZZ4q	1.0	normalized oriented team pair + kickoff tolerance	pitchapi	epl:arsenal	epl:chelsea	2026-09-06 15:30:00+00:00	2026-10-02T15:39:22.731617+00:00
fx:9c4447cdd62a6d5a1e95	m_0kXTPB	1.0	normalized oriented team pair + kickoff tolerance	pitchapi	epl:aston-villa	epl:nott-m-forest	2026-09-12 14:00:00+00:00	2026-10-02T15:39:22.731617+00:00
fx:ffe114bffe49ff20fe61	m_2UxunD	1.0	normalized oriented team pair + kickoff tolerance	pitchapi	epl:bournemouth	epl:brentford	2026-09-12 14:00:00+00:00	2026-10-02T15:39:22.731617+00:00
fx:7868853cdccc320ff263	m_0zrq2N	1.0	normalized oriented team pair + kickoff tolerance	pitchapi	epl:liverpool	epl:fulham	2026-09-12 14:00:00+00:00	2026-10-02T15:39:22.731617+00:00
fx:c44d3e55b5e140f61c51	m_0HzhHh	1.0	normalized oriented team pair + kickoff tolerance	pitchapi	epl:tottenham	epl:everton	2026-09-12 16:30:00+00:00	2026-10-02T15:39:22.731617+00:00
fx:cd1bf9147610d036ce8e	m_0lLgvv	1.0	normalized oriented team pair + kickoff tolerance	pitchapi	epl:sunderland	epl:arsenal	2026-09-12 19:00:00+00:00	2026-10-02T15:39:22.731617+00:00
fx:a98ad29098d78610a080	m_1Todto	1.0	normalized oriented team pair + kickoff tolerance	pitchapi	epl:man-united	epl:man-city	2026-09-13 15:30:00+00:00	2026-10-02T15:39:22.731617+00:00
fx:1df4ac25623668525ce0	m_1e7w9y	1.0	normalized oriented team pair + kickoff tolerance	pitchapi	epl:leeds	epl:newcastle	2026-09-14 19:00:00+00:00	2026-10-02T15:39:22.731617+00:00
fx:c28973e0ff070bc58b53	m_28lEzC	1.0	normalized oriented team pair + kickoff tolerance	pitchapi	epl:brentford	epl:chelsea	2026-09-18 19:00:00+00:00	2026-10-02T15:39:22.731617+00:00
fx:908416a05eb8d9eda919	m_3p07rX	1.0	normalized oriented team pair + kickoff tolerance	pitchapi	epl:tottenham	epl:aston-villa	2026-09-19 11:30:00+00:00	2026-10-02T15:39:22.731617+00:00
fx:f3b0ad0bf90415e93b0d	m_2wmhjx	1.0	normalized oriented team pair + kickoff tolerance	pitchapi	epl:brighton	epl:arsenal	2026-09-19 14:00:00+00:00	2026-10-02T15:39:22.731617+00:00
fx:b25aa32a03a47b6c4da4	m_3uor5Z	1.0	normalized oriented team pair + kickoff tolerance	pitchapi	epl:bournemouth	epl:liverpool	2026-09-20 13:00:00+00:00	2026-10-02T15:39:22.731617+00:00
fx:cfcb32a07b90f5c66afe	m_4ZdqnA	1.0	normalized oriented team pair + kickoff tolerance	pitchapi	epl:man-city	epl:sunderland	2026-09-20 13:00:00+00:00	2026-10-02T15:39:22.731617+00:00
fx:9d973c7f73821ef46473	m_1Jf8I0	1.0	normalized oriented team pair + kickoff tolerance	pitchapi	epl:leeds	epl:crystal-palace	2026-09-20 13:00:00+00:00	2026-10-02T15:39:22.731617+00:00
fx:21af3c5e173f5ab7684b	m_0VwYzV	1.0	normalized oriented team pair + kickoff tolerance	pitchapi	epl:fulham	epl:man-united	2026-09-20 15:30:00+00:00	2026-10-02T15:39:22.731617+00:00
epl:espn:401879268	m_2Fr5mh	1.0	normalized oriented team pair + kickoff tolerance	pitchapi	epl:arsenal	epl:leeds	2026-10-10 11:30:00+00:00	2026-10-02T15:53:36.910521+00:00
epl:espn:401878772	m_28XD02	1.0	normalized oriented team pair + kickoff tolerance	pitchapi	epl:sunderland	epl:brighton	2026-10-10 14:00:00+00:00	2026-10-02T15:53:36.910521+00:00
epl:espn:401879265	m_1NDA0e	1.0	normalized oriented team pair + kickoff tolerance	pitchapi	epl:ipswich-town	epl:fulham	2026-10-10 14:00:00+00:00	2026-10-02T15:53:36.910521+00:00
epl:espn:401878775	m_4P7CqE	1.0	normalized oriented team pair + kickoff tolerance	pitchapi	epl:chelsea	epl:bournemouth	2026-10-10 14:00:00+00:00	2026-10-02T15:53:36.910521+00:00
epl:espn:401878776	m_0V796s	1.0	normalized oriented team pair + kickoff tolerance	pitchapi	epl:aston-villa	epl:brentford	2026-10-10 14:00:00+00:00	2026-10-02T15:53:36.910521+00:00
epl:espn:401878773	m_1l8CBq	1.0	normalized oriented team pair + kickoff tolerance	pitchapi	epl:man-united	epl:tottenham	2026-10-10 16:30:00+00:00	2026-10-02T15:53:36.910521+00:00
epl:espn:401878774	m_3pRsCX	1.0	normalized oriented team pair + kickoff tolerance	pitchapi	epl:hull-city	epl:everton	2026-10-11 13:00:00+00:00	2026-10-02T15:53:36.910521+00:00
epl:espn:401879266	m_0WdyE0	1.0	normalized oriented team pair + kickoff tolerance	pitchapi	epl:crystal-palace	epl:nott-m-forest	2026-10-11 13:00:00+00:00	2026-10-02T15:53:36.910521+00:00
epl:espn:401879264	m_0En7Dw	1.0	normalized oriented team pair + kickoff tolerance	pitchapi	epl:liverpool	epl:man-city	2026-10-11 15:30:00+00:00	2026-10-02T15:53:36.910521+00:00
epl:espn:401879267	m_37OokP	1.0	normalized oriented team pair + kickoff tolerance	pitchapi	epl:coventry-city	epl:newcastle	2026-10-12 19:00:00+00:00	2026-10-02T15:53:36.910521+00:00
epl:espn:401878771	m_3fEVzy	1.0	normalized oriented team pair + kickoff tolerance	pitchapi	epl:everton	epl:chelsea	2026-10-17 11:30:00+00:00	2026-10-02T15:53:36.910521+00:00
epl:espn:401879259	m_1308RP	1.0	normalized oriented team pair + kickoff tolerance	pitchapi	epl:man-city	epl:ipswich-town	2026-10-17 14:00:00+00:00	2026-10-02T15:53:36.910521+00:00
epl:espn:401879262	m_0flqse	1.0	normalized oriented team pair + kickoff tolerance	pitchapi	epl:brentford	epl:liverpool	2026-10-17 14:00:00+00:00	2026-10-02T15:53:36.910521+00:00
epl:espn:401878770	m_2Ca87d	1.0	normalized oriented team pair + kickoff tolerance	pitchapi	epl:fulham	epl:hull-city	2026-10-17 14:00:00+00:00	2026-10-02T15:53:36.910521+00:00
epl:espn:401879258	m_4RD4YJ	1.0	normalized oriented team pair + kickoff tolerance	pitchapi	epl:newcastle	epl:aston-villa	2026-10-17 16:30:00+00:00	2026-10-02T15:53:36.910521+00:00
epl:espn:401879261	m_2Qu6Lk	1.0	normalized oriented team pair + kickoff tolerance	pitchapi	epl:brighton	epl:crystal-palace	2026-10-18 13:00:00+00:00	2026-10-02T15:53:36.910521+00:00
epl:espn:401879263	m_19HAaR	1.0	normalized oriented team pair + kickoff tolerance	pitchapi	epl:bournemouth	epl:sunderland	2026-10-18 13:00:00+00:00	2026-10-02T15:53:36.910521+00:00
epl:espn:401879260	m_3xDs72	1.0	normalized oriented team pair + kickoff tolerance	pitchapi	epl:leeds	epl:man-united	2026-10-18 13:00:00+00:00	2026-10-02T15:53:36.910521+00:00
epl:espn:401878769	m_0nCoAp	1.0	normalized oriented team pair + kickoff tolerance	pitchapi	epl:nott-m-forest	epl:arsenal	2026-10-18 15:30:00+00:00	2026-10-02T15:53:36.910521+00:00
epl:espn:401879257	m_2KXrBt	1.0	normalized oriented team pair + kickoff tolerance	pitchapi	epl:tottenham	epl:coventry-city	2026-10-19 19:00:00+00:00	2026-10-02T15:53:36.910521+00:00
epl:espn:401879253	m_0CikU4	1.0	normalized oriented team pair + kickoff tolerance	pitchapi	epl:ipswich-town	epl:nott-m-forest	2026-10-23 19:00:00+00:00	2026-10-02T15:53:36.910521+00:00
epl:espn:401879256	m_3KNB9I	1.0	normalized oriented team pair + kickoff tolerance	pitchapi	epl:aston-villa	epl:man-city	2026-10-24 11:30:00+00:00	2026-10-02T15:53:36.910521+00:00
epl:espn:401879255	m_26YjGK	1.0	normalized oriented team pair + kickoff tolerance	pitchapi	epl:coventry-city	epl:fulham	2026-10-24 14:00:00+00:00	2026-10-02T15:53:36.910521+00:00
epl:espn:401878768	m_3VTlmY	1.0	normalized oriented team pair + kickoff tolerance	pitchapi	epl:arsenal	epl:everton	2026-10-24 14:00:00+00:00	2026-10-02T15:53:36.910521+00:00
epl:espn:401878767	m_3flxzg	1.0	normalized oriented team pair + kickoff tolerance	pitchapi	epl:chelsea	epl:tottenham	2026-10-24 16:30:00+00:00	2026-10-02T15:53:36.910521+00:00
epl:espn:401878766	m_0Eg1F3	1.0	normalized oriented team pair + kickoff tolerance	pitchapi	epl:hull-city	epl:brentford	2026-10-25 14:00:00+00:00	2026-10-02T15:53:36.910521+00:00
epl:espn:401879254	m_1f8upu	1.0	normalized oriented team pair + kickoff tolerance	pitchapi	epl:crystal-palace	epl:newcastle	2026-10-25 14:00:00+00:00	2026-10-02T15:53:36.910521+00:00
epl:espn:401879252	m_1LrBNT	1.0	normalized oriented team pair + kickoff tolerance	pitchapi	epl:man-united	epl:bournemouth	2026-10-25 14:00:00+00:00	2026-10-02T15:53:36.910521+00:00
epl:espn:401878765	m_3pgdLY	1.0	normalized oriented team pair + kickoff tolerance	pitchapi	epl:liverpool	epl:brighton	2026-10-25 14:00:00+00:00	2026-10-02T15:53:36.910521+00:00
epl:espn:401878764	m_0Fcvht	1.0	normalized oriented team pair + kickoff tolerance	pitchapi	epl:sunderland	epl:leeds	2026-10-25 16:30:00+00:00	2026-10-02T15:53:36.910521+00:00
epl:espn:401879248	m_0C3yM3	1.0	normalized oriented team pair + kickoff tolerance	pitchapi	epl:chelsea	epl:man-united	2026-10-31 12:30:00+00:00	2026-10-02T15:53:36.910521+00:00
epl:espn:401878763	m_0n3Keu	1.0	normalized oriented team pair + kickoff tolerance	pitchapi	epl:hull-city	epl:ipswich-town	2026-10-31 15:00:00+00:00	2026-10-02T15:53:36.910521+00:00
epl:espn:401879245	m_4RvJ1j	1.0	normalized oriented team pair + kickoff tolerance	pitchapi	epl:man-city	epl:brighton	2026-10-31 15:00:00+00:00	2026-10-02T15:53:36.910521+00:00
epl:espn:401879251	m_0bXUBx	1.0	normalized oriented team pair + kickoff tolerance	pitchapi	epl:bournemouth	epl:leeds	2026-10-31 15:00:00+00:00	2026-10-02T15:53:36.910521+00:00
epl:espn:401879247	m_0IHgwr	1.0	normalized oriented team pair + kickoff tolerance	pitchapi	epl:coventry-city	epl:sunderland	2026-10-31 15:00:00+00:00	2026-10-02T15:53:36.910521+00:00
epl:espn:401879249	m_1Gc5Hh	1.0	normalized oriented team pair + kickoff tolerance	pitchapi	epl:brentford	epl:nott-m-forest	2026-10-31 15:00:00+00:00	2026-10-02T15:53:36.910521+00:00
epl:espn:401878761	m_0GIRbd	1.0	normalized oriented team pair + kickoff tolerance	pitchapi	epl:tottenham	epl:crystal-palace	2026-10-31 17:30:00+00:00	2026-10-02T15:53:36.910521+00:00
epl:espn:401879250	m_14WeHI	1.0	normalized oriented team pair + kickoff tolerance	pitchapi	epl:aston-villa	epl:fulham	2026-10-31 20:00:00+00:00	2026-10-02T15:53:36.910521+00:00
epl:espn:401879246	m_1cQmo2	1.0	normalized oriented team pair + kickoff tolerance	pitchapi	epl:liverpool	epl:arsenal	2026-11-01 16:30:00+00:00	2026-10-02T15:53:36.910521+00:00
epl:espn:401878762	m_0eAA1g	1.0	normalized oriented team pair + kickoff tolerance	pitchapi	epl:newcastle	epl:everton	2026-11-02 20:00:00+00:00	2026-10-02T15:53:36.910521+00:00
epl:espn:401879242	m_0ZFoVd	1.0	normalized oriented team pair + kickoff tolerance	pitchapi	epl:everton	epl:coventry-city	2026-11-06 20:00:00+00:00	2026-10-02T15:53:36.910521+00:00
epl:espn:401878758	m_4L4kXH	1.0	normalized oriented team pair + kickoff tolerance	pitchapi	epl:leeds	epl:tottenham	2026-11-07 12:30:00+00:00	2026-10-02T15:53:36.910521+00:00
epl:espn:401878760	m_0D9KSt	1.0	normalized oriented team pair + kickoff tolerance	pitchapi	epl:arsenal	epl:hull-city	2026-11-07 15:00:00+00:00	2026-10-02T15:53:36.910521+00:00
epl:espn:401879241	m_2UcMLw	1.0	normalized oriented team pair + kickoff tolerance	pitchapi	epl:fulham	epl:newcastle	2026-11-07 15:00:00+00:00	2026-10-02T15:53:36.910521+00:00
epl:espn:401878757	m_2cf00t	1.0	normalized oriented team pair + kickoff tolerance	pitchapi	epl:nott-m-forest	epl:man-city	2026-11-07 17:30:00+00:00	2026-10-02T15:53:36.910521+00:00
epl:espn:401879239	m_2hOf3a	1.0	normalized oriented team pair + kickoff tolerance	pitchapi	epl:sunderland	epl:chelsea	2026-11-08 14:00:00+00:00	2026-10-02T15:53:36.910521+00:00
epl:espn:401879244	m_0CUyUv	1.0	normalized oriented team pair + kickoff tolerance	pitchapi	epl:brighton	epl:brentford	2026-11-08 14:00:00+00:00	2026-10-02T15:53:36.910521+00:00
epl:espn:401878759	m_0sKilh	1.0	normalized oriented team pair + kickoff tolerance	pitchapi	epl:ipswich-town	epl:bournemouth	2026-11-08 14:00:00+00:00	2026-10-02T15:53:36.910521+00:00
epl:espn:401879243	m_4Ct268	1.0	normalized oriented team pair + kickoff tolerance	pitchapi	epl:crystal-palace	epl:liverpool	2026-11-08 14:00:00+00:00	2026-10-02T15:53:36.910521+00:00
epl:espn:401879240	m_1hg20L	1.0	normalized oriented team pair + kickoff tolerance	pitchapi	epl:man-united	epl:aston-villa	2026-11-08 16:30:00+00:00	2026-10-02T15:53:36.910521+00:00
epl:espn:401879233	m_4S00KG	1.0	normalized oriented team pair + kickoff tolerance	pitchapi	epl:man-city	epl:fulham	2026-11-21 12:30:00+00:00	2026-10-02T15:53:36.910521+00:00
epl:espn:401879238	m_3IrTv6	1.0	normalized oriented team pair + kickoff tolerance	pitchapi	epl:bournemouth	epl:nott-m-forest	2026-11-21 15:00:00+00:00	2026-10-02T15:53:36.910521+00:00
epl:espn:401878754	m_2PtCYr	1.0	normalized oriented team pair + kickoff tolerance	pitchapi	epl:tottenham	epl:ipswich-town	2026-11-21 15:00:00+00:00	2026-10-02T15:53:36.910521+00:00
epl:espn:401878756	m_04ixCx	1.0	normalized oriented team pair + kickoff tolerance	pitchapi	epl:aston-villa	epl:sunderland	2026-11-21 15:00:00+00:00	2026-10-02T15:53:36.910521+00:00
epl:espn:401879236	m_19nSVX	1.0	normalized oriented team pair + kickoff tolerance	pitchapi	epl:chelsea	epl:leeds	2026-11-21 15:00:00+00:00	2026-10-02T15:53:36.910521+00:00
epl:espn:401879235	m_0B6kF2	1.0	normalized oriented team pair + kickoff tolerance	pitchapi	epl:coventry-city	epl:crystal-palace	2026-11-21 15:00:00+00:00	2026-10-02T15:53:36.910521+00:00
epl:espn:401879232	m_3XXOvK	1.0	normalized oriented team pair + kickoff tolerance	pitchapi	epl:newcastle	epl:arsenal	2026-11-21 17:30:00+00:00	2026-10-02T15:53:36.910521+00:00
epl:espn:401879234	m_18ul5S	1.0	normalized oriented team pair + kickoff tolerance	pitchapi	epl:hull-city	epl:brighton	2026-11-22 14:00:00+00:00	2026-10-02T15:53:36.910521+00:00
epl:espn:401878755	m_4Pdd0e	1.0	normalized oriented team pair + kickoff tolerance	pitchapi	epl:liverpool	epl:man-united	2026-11-22 16:30:00+00:00	2026-10-02T15:53:36.910521+00:00
epl:espn:401879237	m_2FVfvL	1.0	normalized oriented team pair + kickoff tolerance	pitchapi	epl:brentford	epl:everton	2026-11-23 20:00:00+00:00	2026-10-02T15:53:36.910521+00:00
epl:espn:401879225	m_3xkED2	1.0	normalized oriented team pair + kickoff tolerance	pitchapi	epl:nott-m-forest	epl:chelsea	2026-11-27 20:00:00+00:00	2026-10-02T15:53:36.910521+00:00
epl:espn:401879226	m_4AXxqK	1.0	normalized oriented team pair + kickoff tolerance	pitchapi	epl:man-united	epl:brentford	2026-11-28 15:00:00+00:00	2026-10-02T15:53:36.910521+00:00
epl:espn:401879227	m_35NS0w	1.0	normalized oriented team pair + kickoff tolerance	pitchapi	epl:leeds	epl:coventry-city	2026-11-28 15:00:00+00:00	2026-10-02T15:53:36.910521+00:00
epl:espn:401878752	m_2a6aiA	1.0	normalized oriented team pair + kickoff tolerance	pitchapi	epl:ipswich-town	epl:aston-villa	2026-11-28 17:30:00+00:00	2026-10-02T15:53:36.910521+00:00
epl:espn:401879229	m_30gNoT	1.0	normalized oriented team pair + kickoff tolerance	pitchapi	epl:everton	epl:liverpool	2026-11-29 12:00:00+00:00	2026-10-02T15:53:36.910521+00:00
epl:espn:401879228	m_3ELOjU	1.0	normalized oriented team pair + kickoff tolerance	pitchapi	epl:fulham	epl:bournemouth	2026-11-29 14:05:00+00:00	2026-10-02T15:53:36.910521+00:00
epl:espn:401879231	m_1EvjuD	1.0	normalized oriented team pair + kickoff tolerance	pitchapi	epl:brighton	epl:newcastle	2026-11-29 14:05:00+00:00	2026-10-02T15:53:36.910521+00:00
epl:espn:401879224	m_38YPw8	1.0	normalized oriented team pair + kickoff tolerance	pitchapi	epl:sunderland	epl:tottenham	2026-11-29 14:05:00+00:00	2026-10-02T15:53:36.910521+00:00
epl:espn:401879230	m_1cmXYH	1.0	normalized oriented team pair + kickoff tolerance	pitchapi	epl:crystal-palace	epl:hull-city	2026-11-29 14:05:00+00:00	2026-10-02T15:53:36.910521+00:00
epl:espn:401878753	m_000aNg	1.0	normalized oriented team pair + kickoff tolerance	pitchapi	epl:arsenal	epl:man-city	2026-11-29 16:30:00+00:00	2026-10-02T15:53:36.910521+00:00
