fixture_id,provider_event_id,source,observed_at,kickoff_utc,edition_id,rules_version,Date,Time,HomeTeam,AwayTeam,home_team_id,away_team_id,Status,home_history_n,home_rest_days,home_points_l5,home_goals_for_l5,home_goals_against_l5,home_goal_diff_l10,home_clean_sheet_l10,home_shots_for_ewm10,home_shots_against_ewm10,away_history_n,away_rest_days,away_points_l5,away_goals_for_l5,away_goals_against_l5,away_goal_diff_l10,away_clean_sheet_l10,away_shots_for_ewm10,away_shots_against_ewm10,HomeTeamPointsLast5,AwayTeamPointsLast5,HomeRestDays,AwayRestDays,as_of,HomeWin_Prob,Draw_Prob,AwayWin_Prob,PredictedResult,ModelLean,ModelLeanProbability,Risk_Score,Confidence_Score,Risk_Category,Recommendation,BetRecommendation,BetReason,PredictionGeneratedAt
epl:espn:401879268,401879268,espn,2026-10-02T11:56:13.778143+00:00,2026-10-10 11:30:00+00:00,eng.1:2026-27,eng.1-2026-27-v1,2026-10-10,12:30,Arsenal,Leeds,epl:arsenal,epl:leeds,STATUS_SCHEDULED,157,20.895833333333332,12.0,1.6,0.8,1.1,0.7,13.261503483189976,10.717761531447,81,19.9375,9.0,1.4,0.6,0.4,0.3,12.447133723087195,14.056335565411432,12.0,9.0,20.895833333333332,19.9375,2026-10-02T16:16:40.814981+00:00,0.5832068822155745,0.31748272201749317,0.09931039576693233,Home Win,Arsenal,0.5832068822155745,66.78755665952264,0.33212443340477377,Moderate Risk,Consider Home,No bet,Market odds unavailable; betting value cannot be established.,2026-10-02T16:16:47.596203+00:00
epl:espn:401878776,401878776,espn,2026-10-02T11:56:13.778143+00:00,2026-10-10 14:00:00+00:00,eng.1:2026-27,eng.1-2026-27-v1,2026-10-10,15:00,Aston Villa,Brentford,epl:aston-villa,epl:brentford,STATUS_SCHEDULED,157,21.104166666666668,4.0,0.8,1.8,-0.4,0.1,11.304769634325872,15.684273015669335,157,21.791666666666668,9.0,2.0,0.8,0.5,0.3,13.410353329690544,14.885551750308434,4.0,9.0,21.104166666666668,21.791666666666668,2026-10-02T16:16:40.814981+00:00,0.29682316319629914,0.37172946731076056,0.3314473694929403,Draw,Draw,0.37172946731076056,94.91801002658107,0.05081989973418938,Critical Risk,No Clear Edge,No bet,Market odds unavailable; betting value cannot be established.,2026-10-02T16:16:47.596203+00:00
epl:espn:401878775,401878775,espn,2026-10-02T11:56:13.778143+00:00,2026-10-10 14:00:00+00:00,eng.1:2026-27,eng.1-2026-27-v1,2026-10-10,15:00,Chelsea,Bournemouth,epl:chelsea,epl:bournemouth,STATUS_SCHEDULED,157,21.791666666666668,7.0,2.0,2.4,-0.7,0.0,13.113071710663979,13.246658394221875,157,20.041666666666668,3.0,1.2,1.6,0.2,0.2,13.85646740158715,11.394766929543017,7.0,3.0,21.791666666666668,20.041666666666668,2026-10-02T16:16:40.814981+00:00,0.3083708329131488,0.3805213037436777,0.31110786334317353,Draw,Draw,0.3805213037436777,92.9753550338184,0.07024644966181609,Critical Risk,No Clear Edge,No bet,Market odds unavailable; betting value cannot be established.,2026-10-02T16:16:47.596203+00:00
epl:espn:401879265,401879265,espn,2026-10-02T11:56:13.778143+00:00,2026-10-10 14:00:00+00:00,eng.1:2026-27,eng.1-2026-27-v1,2026-10-10,15:00,Ipswich Town,Fulham,epl:ipswich-town,epl:fulham,STATUS_SCHEDULED,0,,,,,,,,,157,19.9375,2.0,1.0,1.6,-0.4,0.3,14.321733737432316,15.410375397797022,,2.0,,19.9375,2026-10-02T16:16:40.814981+00:00,0.14900897760162263,0.22573642565534016,0.6252545967430373,Away Win,Fulham,0.6252545967430373,57.7129996895954,0.42287000310404593,Low Risk,Consider Away,No bet,Market odds unavailable; betting value cannot be established.,2026-10-02T16:16:47.596203+00:00
epl:espn:401878772,401878772,espn,2026-10-02T11:56:13.778143+00:00,2026-10-10 14:00:00+00:00,eng.1:2026-27,eng.1-2026-27-v1,2026-10-10,15:00,Sunderland,Brighton,epl:sunderland,epl:brighton,STATUS_SCHEDULED,43,20.041666666666668,4.0,1.2,2.0,-0.6,0.2,13.323966786543728,12.614092742579967,157,21.0,10.0,3.2,1.0,1.1,0.5,17.084160020185223,11.06021812155375,4.0,10.0,20.041666666666668,21.0,2026-10-02T16:16:40.814981+00:00,0.11200891059819025,0.21172577258256875,0.6762653168192411,Away Win,Brighton,0.6762653168192411,50.5111845594169,0.49488815440583095,Low Risk,Strong Away Lean,No bet,Market odds unavailable; betting value cannot be established.,2026-10-02T16:16:47.596203+00:00
epl:espn:401878773,401878773,espn,2026-10-02T11:56:13.778143+00:00,2026-10-10 16:30:00+00:00,eng.1:2026-27,eng.1-2026-27-v1,2026-10-10,17:30,Man United,Tottenham,epl:man-united,epl:tottenham,STATUS_SCHEDULED,157,20.041666666666668,5.0,1.6,1.6,0.6,0.2,20.007336943687946,11.602059040235673,157,21.208333333333332,2.0,0.4,1.6,-0.4,0.4,14.445925331015022,12.988225257468663,5.0,2.0,20.041666666666668,21.208333333333332,2026-10-02T16:16:40.814981+00:00,0.449775062835708,0.31629437049721226,0.23393056666707976,Home Win,Man United,0.449775062835708,84.1452063017551,0.15854793698244907,High Risk,No Clear Edge,No bet,Market odds unavailable; betting value cannot be established.,2026-10-02T16:16:47.596203+00:00
epl:espn:401879266,401879266,espn,2026-10-02T11:56:13.778143+00:00,2026-10-11 13:00:00+00:00,eng.1:2026-27,eng.1-2026-27-v1,2026-10-11,14:00,Crystal Palace,Nott'm Forest,epl:crystal-palace,epl:nott-m-forest,STATUS_SCHEDULED,157,21.0,4.0,1.2,2.2,-1.2,0.1,11.02696914741359,15.193634364482012,157,21.854166666666668,5.0,0.8,1.0,0.5,0.2,15.833321429518687,12.455020494087236,4.0,5.0,21.0,21.854166666666668,2026-10-02T16:16:40.814981+00:00,0.2401744654032442,0.3786073343042935,0.3812182002924623,Away Win,Nott'm Forest,0.3812182002924623,95.52573913028162,0.044742608697183855,Critical Risk,No Clear Edge,No bet,Market odds unavailable; betting value cannot be established.,2026-10-02T16:16:47.596203+00:00
epl:espn:401878774,401878774,espn,2026-10-02T11:56:13.778143+00:00,2026-10-11 13:00:00+00:00,eng.1:2026-27,eng.1-2026-27-v1,2026-10-11,14:00,Hull City,Everton,epl:hull-city,epl:everton,STATUS_SCHEDULED,0,,,,,,,,,157,21.958333333333332,9.0,1.2,0.6,-0.1,0.3,14.420766285834096,14.460665954873736,,9.0,,21.958333333333332,2026-10-02T16:16:40.814981+00:00,0.14457474092165606,0.20864794903264333,0.6467773100457006,Away Win,Everton,0.6467773100457006,54.23700973879465,0.4576299026120535,Low Risk,Consider Away,No bet,Market odds unavailable; betting value cannot be established.,2026-10-02T16:16:47.596203+00:00
epl:espn:401879264,401879264,espn,2026-10-02T11:56:13.778143+00:00,2026-10-11 15:30:00+00:00,eng.1:2026-27,eng.1-2026-27-v1,2026-10-11,16:30,Liverpool,Man City,epl:liverpool,epl:man-city,STATUS_SCHEDULED,157,21.104166666666668,9.0,1.4,0.8,0.2,0.3,14.69108737000026,11.614895661416774,157,21.104166666666668,15.0,2.6,1.0,1.3,0.4,15.05283523493529,11.716237651006665,9.0,15.0,21.104166666666668,21.104166666666668,2026-10-02T16:16:40.814981+00:00,0.3413367550172753,0.2951848896132499,0.3634783553694748,Away Win,Man City,0.3634783553694748,96.38121797422275,0.03618782025777252,Critical Risk,No Clear Edge,No bet,Market odds unavailable; betting value cannot be established.,2026-10-02T16:16:47.596203+00:00
epl:espn:401879267,401879267,espn,2026-10-02T11:56:13.778143+00:00,2026-10-12 19:00:00+00:00,eng.1:2026-27,eng.1-2026-27-v1,2026-10-12,20:00,Coventry City,Newcastle,epl:coventry-city,epl:newcastle,STATUS_SCHEDULED,0,,,,,,,,,157,23.208333333333332,8.0,1.8,1.8,0.1,0.1,10.874993891796592,17.825883205152273,,8.0,,23.208333333333332,2026-10-02T16:16:40.814981+00:00,0.19479835769112797,0.2050102067086602,0.6001914356002119,Away Win,Newcastle,0.6001914356002119,60.1710817059634,0.39828918294036597,Moderate Risk,Consider Away,No bet,Market odds unavailable; betting value cannot be established.,2026-10-02T16:16:47.596203+00:00
epl:espn:401878771,401878771,espn,2026-10-02T11:56:13.778143+00:00,2026-10-17 11:30:00+00:00,eng.1:2026-27,eng.1-2026-27-v1,2026-10-17,12:30,Everton,Chelsea,epl:everton,epl:chelsea,STATUS_SCHEDULED,157,27.895833333333332,9.0,1.2,0.6,-0.1,0.3,14.420766285834096,14.460665954873736,157,28.6875,7.0,2.0,2.4,-0.7,0.0,13.113071710663979,13.246658394221875,9.0,7.0,27.895833333333332,28.6875,2026-10-02T16:16:40.814981+00:00,0.35122142258776684,0.27565841483440534,0.3731201625778278,Away Win,Chelsea,0.3731201625778278,95.51038228676117,0.044896177132388394,Critical Risk,No Clear Edge,No bet,Market odds unavailable; betting value cannot be established.,2026-10-02T16:16:47.596203+00:00
epl:espn:401879262,401879262,espn,2026-10-02T11:56:13.778143+00:00,2026-10-17 14:00:00+00:00,eng.1:2026-27,eng.1-2026-27-v1,2026-10-17,15:00,Brentford,Liverpool,epl:brentford,epl:liverpool,STATUS_SCHEDULED,157,28.791666666666668,9.0,2.0,0.8,0.5,0.3,13.410353329690544,14.885551750308434,157,27.041666666666668,9.0,1.4,0.8,0.2,0.3,14.69108737000026,11.614895661416774,9.0,9.0,28.791666666666668,27.041666666666668,2026-10-02T16:16:40.814981+00:00,0.3201957751073022,0.3546907393045315,0.32511348558816644,Draw,Draw,0.3546907393045315,96.89260517894589,0.031073948210541148,Critical Risk,No Clear Edge,No bet,Market odds unavailable; betting value cannot be established.,2026-10-02T16:16:47.596203+00:00
epl:espn:401878770,401878770,espn,2026-10-02T11:56:13.778143+00:00,2026-10-17 14:00:00+00:00,eng.1:2026-27,eng.1-2026-27-v1,2026-10-17,15:00,Fulham,Hull City,epl:fulham,epl:hull-city,STATUS_SCHEDULED,157,26.9375,2.0,1.0,1.6,-0.4,0.3,14.321733737432316,15.410375397797022,0,,,,,,,,,2.0,,26.9375,,2026-10-02T16:16:40.814981+00:00,0.6149024585769678,0.2845975051061064,0.10050003631692579,Home Win,Fulham,0.6149024585769678,61.36653821150402,0.3863346178849599,Moderate Risk,Consider Home,No bet,Market odds unavailable; betting value cannot be established.,2026-10-02T16:16:47.596203+00:00
epl:espn:401879259,401879259,espn,2026-10-02T11:56:13.778143+00:00,2026-10-17 14:00:00+00:00,eng.1:2026-27,eng.1-2026-27-v1,2026-10-17,15:00,Man City,Ipswich Town,epl:man-city,epl:ipswich-town,STATUS_SCHEDULED,157,27.041666666666668,15.0,2.6,1.0,1.3,0.4,15.05283523493529,11.716237651006665,0,,,,,,,,,15.0,,27.041666666666668,,2026-10-02T16:16:40.814981+00:00,0.7171404938076877,0.23563130358950504,0.04722820260280722,Home Win,Man City,0.7171404938076877,46.11507355684745,0.5388492644315255,Low Risk,Strong Home Lean,No bet,Market odds unavailable; betting value cannot be established.,2026-10-02T16:16:47.596203+00:00
epl:espn:401879258,401879258,espn,2026-10-02T11:56:13.778143+00:00,2026-10-17 16:30:00+00:00,eng.1:2026-27,eng.1-2026-27-v1,2026-10-17,17:30,Newcastle,Aston Villa,epl:newcastle,epl:aston-villa,STATUS_SCHEDULED,157,28.104166666666668,8.0,1.8,1.8,0.1,0.1,10.874993891796592,17.825883205152273,157,28.208333333333332,4.0,0.8,1.8,-0.4,0.1,11.304769634325872,15.684273015669335,8.0,4.0,28.104166666666668,28.208333333333332,2026-10-02T16:16:40.814981+00:00,0.33404163488854577,0.399393463663581,0.2665649014478732,Draw,Draw,0.399393463663581,91.41117740908471,0.08588822590915296,High Risk,No Clear Edge,No bet,Market odds unavailable; betting value cannot be established.,2026-10-02T16:16:47.596203+00:00
epl:espn:401879263,401879263,espn,2026-10-02T11:56:13.778143+00:00,2026-10-18 13:00:00+00:00,eng.1:2026-27,eng.1-2026-27-v1,2026-10-18,14:00,Bournemouth,Sunderland,epl:bournemouth,epl:sunderland,STATUS_SCHEDULED,157,28.0,3.0,1.2,1.6,0.2,0.2,13.85646740158715,11.394766929543017,43,28.0,4.0,1.2,2.0,-0.6,0.2,13.323966786543728,12.614092742579967,3.0,4.0,28.0,28.0,2026-10-02T16:16:40.814981+00:00,0.6095735422501426,0.26520544327086193,0.12522101447899542,Home Win,Bournemouth,0.6095735422501426,61.30279444318904,0.3869720555681096,Moderate Risk,Consider Home,No bet,Market odds unavailable; betting value cannot be established.,2026-10-02T16:16:47.596203+00:00
epl:espn:401879261,401879261,espn,2026-10-02T11:56:13.778143+00:00,2026-10-18 13:00:00+00:00,eng.1:2026-27,eng.1-2026-27-v1,2026-10-18,14:00,Brighton,Crystal Palace,epl:brighton,epl:crystal-palace,STATUS_SCHEDULED,157,28.958333333333332,10.0,3.2,1.0,1.1,0.5,17.084160020185223,11.06021812155375,157,28.0,4.0,1.2,2.2,-1.2,0.1,11.02696914741359,15.193634364482012,10.0,4.0,28.958333333333332,28.0,2026-10-02T16:16:40.814981+00:00,0.5414820770353916,0.28517820645545156,0.1733397165091569,Home Win,Brighton,0.5414820770353916,70.96583281320572,0.2903416718679428,Moderate Risk,No Clear Edge,No bet,Market odds unavailable; betting value cannot be established.,2026-10-02T16:16:47.596203+00:00
epl:espn:401879260,401879260,espn,2026-10-02T11:56:13.778143+00:00,2026-10-18 13:00:00+00:00,eng.1:2026-27,eng.1-2026-27-v1,2026-10-18,14:00,Leeds,Man United,epl:leeds,epl:man-united,STATUS_SCHEDULED,81,28.0,9.0,1.4,0.6,0.4,0.3,12.447133723087195,14.056335565411432,157,27.895833333333332,5.0,1.6,1.6,0.6,0.2,20.007336943687946,11.602059040235673,9.0,5.0,28.0,27.895833333333332,2026-10-02T16:16:40.814981+00:00,0.1474586884118406,0.24115463500855236,0.611386676579607,Away Win,Man United,0.611386676579607,60.12518007690766,0.3987481992309234,Moderate Risk,Consider Away,No bet,Market odds unavailable; betting value cannot be established.,2026-10-02T16:16:47.596203+00:00
epl:espn:401878769,401878769,espn,2026-10-02T11:56:13.778143+00:00,2026-10-18 15:30:00+00:00,eng.1:2026-27,eng.1-2026-27-v1,2026-10-18,16:30,Nott'm Forest,Arsenal,epl:nott-m-forest,epl:arsenal,STATUS_SCHEDULED,157,28.958333333333332,5.0,0.8,1.0,0.5,0.2,15.833321429518687,12.455020494087236,157,29.0625,12.0,1.6,0.8,1.1,0.7,13.261503483189976,10.717761531447,5.0,12.0,28.958333333333332,29.0625,2026-10-02T16:16:40.814981+00:00,0.3312725196477286,0.3394373818503029,0.3292900985019685,Draw,Draw,0.3394373818503029,99.12317922313247,0.008768207768675259,Critical Risk,No Clear Edge,No bet,Market odds unavailable; betting value cannot be established.,2026-10-02T16:16:47.596203+00:00
epl:espn:401879257,401879257,espn,2026-10-02T11:56:13.778143+00:00,2026-10-19 19:00:00+00:00,eng.1:2026-27,eng.1-2026-27-v1,2026-10-19,20:00,Tottenham,Coventry City,epl:tottenham,epl:coventry-city,STATUS_SCHEDULED,157,30.3125,2.0,0.4,1.6,-0.4,0.4,14.445925331015022,12.988225257468663,0,,,,,,,,,2.0,,30.3125,,2026-10-02T16:16:40.814981+00:00,0.6258226773863484,0.28175413450071507,0.09242318811293655,Home Win,Tottenham,0.6258226773863484,59.83089951702601,0.40169100482973985,Low Risk,Consider Home,No bet,Market odds unavailable; betting value cannot be established.,2026-10-02T16:16:47.596203+00:00
epl:espn:401879253,401879253,espn,2026-10-02T11:56:13.778143+00:00,2026-10-23 19:00:00+00:00,eng.1:2026-27,eng.1-2026-27-v1,2026-10-23,20:00,Ipswich Town,Nott'm Forest,epl:ipswich-town,epl:nott-m-forest,STATUS_SCHEDULED,0,,,,,,,,,157,34.104166666666664,5.0,0.8,1.0,0.5,0.2,15.833321429518687,12.455020494087236,,5.0,,34.104166666666664,2026-10-02T16:16:40.814981+00:00,0.12166719112458814,0.1887783921328734,0.6895544167425386,Away Win,Nott'm Forest,0.6895544167425386,47.87988272573786,0.5212011727426215,Low Risk,Strong Away Lean,No bet,Market odds unavailable; betting value cannot be established.,2026-10-02T16:16:47.596203+00:00
epl:espn:401879256,401879256,espn,2026-10-02T11:56:13.778143+00:00,2026-10-24 11:30:00+00:00,eng.1:2026-27,eng.1-2026-27-v1,2026-10-24,12:30,Aston Villa,Man City,epl:aston-villa,epl:man-city,STATUS_SCHEDULED,157,35.0,4.0,0.8,1.8,-0.4,0.1,11.304769634325872,15.684273015669335,157,33.9375,15.0,2.6,1.0,1.3,0.4,15.05283523493529,11.716237651006665,4.0,15.0,35.0,33.9375,2026-10-02T16:16:40.814981+00:00,0.22368413504619897,0.32727445635269437,0.4490414086011067,Away Win,Man City,0.4490414086011067,84.67055586583065,0.1532944413416936,High Risk,No Clear Edge,No bet,Market odds unavailable; betting value cannot be established.,2026-10-02T16:16:47.596203+00:00
epl:espn:401878768,401878768,espn,2026-10-02T11:56:13.778143+00:00,2026-10-24 14:00:00+00:00,eng.1:2026-27,eng.1-2026-27-v1,2026-10-24,15:00,Arsenal,Everton,epl:arsenal,epl:everton,STATUS_SCHEDULED,157,35.0,12.0,1.6,0.8,1.1,0.7,13.261503483189976,10.717761531447,157,35.0,9.0,1.2,0.6,-0.1,0.3,14.420766285834096,14.460665954873736,12.0,9.0,35.0,35.0,2026-10-02T16:16:40.814981+00:00,0.4113645736480847,0.37434650483437343,0.21428892151754186,Home Win,Arsenal,0.4113645736480847,91.42687536550791,0.08573124634492092,High Risk,No Clear Edge,No bet,Market odds unavailable; betting value cannot be established.,2026-10-02T16:16:47.596203+00:00
epl:espn:401879255,401879255,espn,2026-10-02T11:56:13.778143+00:00,2026-10-24 14:00:00+00:00,eng.1:2026-27,eng.1-2026-27-v1,2026-10-24,15:00,Coventry City,Fulham,epl:coventry-city,epl:fulham,STATUS_SCHEDULED,0,,,,,,,,,157,33.9375,2.0,1.0,1.6,-0.4,0.3,14.321733737432316,15.410375397797022,,2.0,,33.9375,2026-10-02T16:16:40.814981+00:00,0.15090951492290372,0.20605774911280872,0.6430327359642877,Away Win,Fulham,0.6430327359642877,54.624076796028895,0.45375923203971097,Low Risk,Consider Away,No bet,Market odds unavailable; betting value cannot be established.,2026-10-02T16:16:47.596203+00:00
epl:espn:401878767,401878767,espn,2026-10-02T11:56:13.778143+00:00,2026-10-24 16:30:00+00:00,eng.1:2026-27,eng.1-2026-27-v1,2026-10-24,17:30,Chelsea,Tottenham,epl:chelsea,epl:tottenham,STATUS_SCHEDULED,157,35.895833333333336,7.0,2.0,2.4,-0.7,0.0,13.113071710663979,13.246658394221875,157,35.208333333333336,2.0,0.4,1.6,-0.4,0.4,14.445925331015022,12.988225257468663,7.0,2.0,35.895833333333336,35.208333333333336,2026-10-02T16:16:40.814981+00:00,0.30417457904578143,0.39580224276614623,0.3000231781880724,Draw,Draw,0.39580224276614623,90.7108866453376,0.09289113354662408,High Risk,No Clear Edge,No bet,Market odds unavailable; betting value cannot be established.,2026-10-02T16:16:47.596203+00:00
epl:espn:401879254,401879254,espn,2026-10-02T11:56:13.778143+00:00,2026-10-25 14:00:00+00:00,eng.1:2026-27,eng.1-2026-27-v1,2026-10-25,14:00,Crystal Palace,Newcastle,epl:crystal-palace,epl:newcastle,STATUS_SCHEDULED,157,35.041666666666664,4.0,1.2,2.2,-1.2,0.1,11.02696914741359,15.193634364482012,157,36.0,8.0,1.8,1.8,0.1,0.1,10.874993891796592,17.825883205152273,4.0,8.0,35.041666666666664,36.0,2026-10-02T16:16:40.814981+00:00,0.3370746915804311,0.3471806100515502,0.3157446983680187,Draw,Draw,0.3471806100515502,98.34023444642335,0.016597655535766375,Critical Risk,No Clear Edge,No bet,Market odds unavailable; betting value cannot be established.,2026-10-02T16:16:47.596203+00:00
epl:espn:401878766,401878766,espn,2026-10-02T11:56:13.778143+00:00,2026-10-25 14:00:00+00:00,eng.1:2026-27,eng.1-2026-27-v1,2026-10-25,14:00,Hull City,Brentford,epl:hull-city,epl:brentford,STATUS_SCHEDULED,0,,,,,,,,,157,36.791666666666664,9.0,2.0,0.8,0.5,0.3,13.410353329690544,14.885551750308434,,9.0,,36.791666666666664,2026-10-02T16:16:40.814981+00:00,0.15074939587329067,0.1910868206749361,0.6581637834517732,Away Win,Brentford,0.6581637834517732,52.06464296748361,0.47935357032516396,Low Risk,Strong Away Lean,No bet,Market odds unavailable; betting value cannot be established.,2026-10-02T16:16:47.596203+00:00
epl:espn:401878765,401878765,espn,2026-10-02T11:56:13.778143+00:00,2026-10-25 14:00:00+00:00,eng.1:2026-27,eng.1-2026-27-v1,2026-10-25,14:00,Liverpool,Brighton,epl:liverpool,epl:brighton,STATUS_SCHEDULED,157,35.041666666666664,9.0,1.4,0.8,0.2,0.3,14.69108737000026,11.614895661416774,157,36.0,10.0,3.2,1.0,1.1,0.5,17.084160020185223,11.06021812155375,9.0,10.0,35.041666666666664,36.0,2026-10-02T16:16:40.814981+00:00,0.29141651474113345,0.3149148796015916,0.39366860565727496,Away Win,Brighton,0.39366860565727496,91.4094597682438,0.08590540231756195,High Risk,No Clear Edge,No bet,Market odds unavailable; betting value cannot be established.,2026-10-02T16:16:47.596203+00:00
epl:espn:401879252,401879252,espn,2026-10-02T11:56:13.778143+00:00,2026-10-25 14:00:00+00:00,eng.1:2026-27,eng.1-2026-27-v1,2026-10-25,14:00,Man United,Bournemouth,epl:man-united,epl:bournemouth,STATUS_SCHEDULED,157,34.9375,5.0,1.6,1.6,0.6,0.2,20.007336943687946,11.602059040235673,157,35.041666666666664,3.0,1.2,1.6,0.2,0.2,13.85646740158715,11.394766929543017,5.0,3.0,34.9375,35.041666666666664,2026-10-02T16:16:40.814981+00:00,0.42636464977725175,0.31152347032321587,0.26211187989953233,Home Win,Man United,0.42636464977725175,87.0120510417017,0.129879489582983,High Risk,No Clear Edge,No bet,Market odds unavailable; betting value cannot be established.,2026-10-02T16:16:47.596203+00:00
epl:espn:401878764,401878764,espn,2026-10-02T11:56:13.778143+00:00,2026-10-25 16:30:00+00:00,eng.1:2026-27,eng.1-2026-27-v1,2026-10-25,16:30,Sunderland,Leeds,epl:sunderland,epl:leeds,STATUS_SCHEDULED,43,35.145833333333336,4.0,1.2,2.0,-0.6,0.2,13.323966786543728,12.614092742579967,81,35.145833333333336,9.0,1.4,0.6,0.4,0.3,12.447133723087195,14.056335565411432,4.0,9.0,35.145833333333336,35.145833333333336,2026-10-02T16:16:40.814981+00:00,0.31768430183838875,0.302108375742135,0.38020732241947625,Away Win,Leeds,0.38020732241947625,93.27364801722265,0.06726351982777341,Critical Risk,No Clear Edge,No bet,Market odds unavailable; betting value cannot be established.,2026-10-02T16:16:47.596203+00:00
epl:espn:401879248,401879248,espn,2026-10-02T11:56:13.778143+00:00,2026-10-31 12:30:00+00:00,eng.1:2026-27,eng.1-2026-27-v1,2026-10-31,12:30,Chelsea,Man United,epl:chelsea,epl:man-united,STATUS_SCHEDULED,157,42.729166666666664,7.0,2.0,2.4,-0.7,0.0,13.113071710663979,13.246658394221875,157,40.875,5.0,1.6,1.6,0.6,0.2,20.007336943687946,11.602059040235673,7.0,5.0,42.729166666666664,40.875,2026-10-02T16:16:40.814981+00:00,0.22969974346673894,0.33507083395605763,0.43522942257720354,Away Win,Man United,0.43522942257720354,86.77719490560179,0.1322280509439821,High Risk,No Clear Edge,No bet,Market odds unavailable; betting value cannot be established.,2026-10-02T16:16:47.596203+00:00
epl:espn:401879251,401879251,espn,2026-10-02T11:56:13.778143+00:00,2026-10-31 15:00:00+00:00,eng.1:2026-27,eng.1-2026-27-v1,2026-10-31,15:00,Bournemouth,Leeds,epl:bournemouth,epl:leeds,STATUS_SCHEDULED,157,41.083333333333336,3.0,1.2,1.6,0.2,0.2,13.85646740158715,11.394766929543017,81,41.083333333333336,9.0,1.4,0.6,0.4,0.3,12.447133723087195,14.056335565411432,3.0,9.0,41.083333333333336,41.083333333333336,2026-10-02T16:16:40.814981+00:00,0.5415459687127903,0.30915805105066124,0.14929598023654864,Home Win,Bournemouth,0.5415459687127903,71.89584086118369,0.28104159138816315,Moderate Risk,No Clear Edge,No bet,Market odds unavailable; betting value cannot be established.,2026-10-02T16:16:47.596203+00:00
epl:espn:401879249,401879249,espn,2026-10-02T11:56:13.778143+00:00,2026-10-31 15:00:00+00:00,eng.1:2026-27,eng.1-2026-27-v1,2026-10-31,15:00,Brentford,Nott'm Forest,epl:brentford,epl:nott-m-forest,STATUS_SCHEDULED,157,42.833333333333336,9.0,2.0,0.8,0.5,0.3,13.410353329690544,14.885551750308434,157,41.9375,5.0,0.8,1.0,0.5,0.2,15.833321429518687,12.455020494087236,9.0,5.0,42.833333333333336,41.9375,2026-10-02T16:16:40.814981+00:00,0.30705102889118496,0.3700480322329409,0.32290093887587407,Draw,Draw,0.3700480322329409,94.80290209954191,0.05197097900458091,Critical Risk,No Clear Edge,No bet,Market odds unavailable; betting value cannot be established.,2026-10-02T16:16:47.596203+00:00
epl:espn:401879247,401879247,espn,2026-10-02T11:56:13.778143+00:00,2026-10-31 15:00:00+00:00,eng.1:2026-27,eng.1-2026-27-v1,2026-10-31,15:00,Coventry City,Sunderland,epl:coventry-city,epl:sunderland,STATUS_SCHEDULED,0,,,,,,,,,43,41.083333333333336,4.0,1.2,2.0,-0.6,0.2,13.323966786543728,12.614092742579967,,4.0,,41.083333333333336,2026-10-02T16:16:40.814981+00:00,0.3456346682167714,0.21343400090028386,0.4409313308829447,Away Win,Sunderland,0.4409313308829447,86.44683516288087,0.1355316483711913,High Risk,No Clear Edge,No bet,Market odds unavailable; betting value cannot be established.,2026-10-02T16:16:47.596203+00:00
epl:espn:401878763,401878763,espn,2026-10-02T11:56:13.778143+00:00,2026-10-31 15:00:00+00:00,eng.1:2026-27,eng.1-2026-27-v1,2026-10-31,15:00,Hull City,Ipswich Town,epl:hull-city,epl:ipswich-town,STATUS_SCHEDULED,0,,,,,,,,,0,,,,,,,,,,,,,2026-10-02T16:16:40.814981+00:00,0.4357275299358885,0.2580053817166483,0.30626708834746336,Home Win,Hull City,0.4357275299358885,85.58512129152398,0.14414878708476014,High Risk,No Clear Edge,No bet,Market odds unavailable; betting value cannot be established.,2026-10-02T16:16:47.596203+00:00
epl:espn:401879245,401879245,espn,2026-10-02T11:56:13.778143+00:00,2026-10-31 15:00:00+00:00,eng.1:2026-27,eng.1-2026-27-v1,2026-10-31,15:00,Man City,Brighton,epl:man-city,epl:brighton,STATUS_SCHEDULED,157,41.083333333333336,15.0,2.6,1.0,1.3,0.4,15.05283523493529,11.716237651006665,157,42.041666666666664,10.0,3.2,1.0,1.1,0.5,17.084160020185223,11.06021812155375,15.0,10.0,41.083333333333336,42.041666666666664,2026-10-02T16:16:40.814981+00:00,0.34403999755444875,0.3589492340546525,0.29701076839089874,Draw,Draw,0.3589492340546525,97.07775198413245,0.02922248015867554,Critical Risk,No Clear Edge,No bet,Market odds unavailable; betting value cannot be established.,2026-10-02T16:16:47.596203+00:00
epl:espn:401878761,401878761,espn,2026-10-02T11:56:13.778143+00:00,2026-10-31 17:30:00+00:00,eng.1:2026-27,eng.1-2026-27-v1,2026-10-31,17:30,Tottenham,Crystal Palace,epl:tottenham,epl:crystal-palace,STATUS_SCHEDULED,157,42.25,2.0,0.4,1.6,-0.4,0.4,14.445925331015022,12.988225257468663,157,41.1875,4.0,1.2,2.2,-1.2,0.1,11.02696914741359,15.193634364482012,2.0,4.0,42.25,41.1875,2026-10-02T16:16:40.814981+00:00,0.3749441505932923,0.3263229658640532,0.29873288354265454,Home Win,Tottenham,0.3749441505932923,94.2981833694683,0.057018166305316975,Critical Risk,No Clear Edge,No bet,Market odds unavailable; betting value cannot be established.,2026-10-02T16:16:47.596203+00:00
epl:espn:401879250,401879250,espn,2026-10-02T11:56:13.778143+00:00,2026-10-31 20:00:00+00:00,eng.1:2026-27,eng.1-2026-27-v1,2026-10-31,20:00,Aston Villa,Fulham,epl:aston-villa,epl:fulham,STATUS_SCHEDULED,157,42.354166666666664,4.0,0.8,1.8,-0.4,0.1,11.304769634325872,15.684273015669335,157,41.1875,2.0,1.0,1.6,-0.4,0.3,14.321733737432316,15.410375397797022,4.0,2.0,42.354166666666664,41.1875,2026-10-02T16:16:40.814981+00:00,0.2743685272947208,0.3928271956583648,0.3328042770469145,Draw,Draw,0.3928271956583648,92.21922879857081,0.07780771201429193,Critical Risk,No Clear Edge,No bet,Market odds unavailable; betting value cannot be established.,2026-10-02T16:16:47.596203+00:00
epl:espn:401879246,401879246,espn,2026-10-02T11:56:13.778143+00:00,2026-11-01 16:30:00+00:00,eng.1:2026-27,eng.1-2026-27-v1,2026-11-01,16:30,Liverpool,Arsenal,epl:liverpool,epl:arsenal,STATUS_SCHEDULED,157,42.145833333333336,9.0,1.4,0.8,0.2,0.3,14.69108737000026,11.614895661416774,157,43.104166666666664,12.0,1.6,0.8,1.1,0.7,13.261503483189976,10.717761531447,9.0,12.0,42.145833333333336,43.104166666666664,2026-10-02T16:16:40.814981+00:00,0.32117230831576715,0.35008902500504224,0.32873866667919066,Draw,Draw,0.35008902500504224,97.63468369548455,0.023653163045154444,Critical Risk,No Clear Edge,No bet,Market odds unavailable; betting value cannot be established.,2026-10-02T16:16:47.596203+00:00
epl:espn:401878762,401878762,espn,2026-10-02T11:56:13.778143+00:00,2026-11-02 20:00:00+00:00,eng.1:2026-27,eng.1-2026-27-v1,2026-11-02,20:00,Newcastle,Everton,epl:newcastle,epl:everton,STATUS_SCHEDULED,157,44.25,8.0,1.8,1.8,0.1,0.1,10.874993891796592,17.825883205152273,157,44.25,9.0,1.2,0.6,-0.1,0.3,14.420766285834096,14.460665954873736,8.0,9.0,44.25,44.25,2026-10-02T16:16:40.814981+00:00,0.27436923854010437,0.40520012844592473,0.3204306330139709,Draw,Draw,0.40520012844592473,90.12118192933912,0.09878818070660887,High Risk,No Clear Edge,No bet,Market odds unavailable; betting value cannot be established.,2026-10-02T16:16:47.596203+00:00
epl:espn:401879242,401879242,espn,2026-10-02T11:56:13.778143+00:00,2026-11-06 20:00:00+00:00,eng.1:2026-27,eng.1-2026-27-v1,2026-11-06,20:00,Everton,Coventry City,epl:everton,epl:coventry-city,STATUS_SCHEDULED,157,48.25,9.0,1.2,0.6,-0.1,0.3,14.420766285834096,14.460665954873736,0,,,,,,,,,9.0,,48.25,,2026-10-02T16:16:40.814981+00:00,0.6039680776841813,0.30431924220849166,0.09171268010732717,Home Win,Everton,0.6039680776841813,63.564481953699946,0.3643551804630006,Moderate Risk,Consider Home,No bet,Market odds unavailable; betting value cannot be established.,2026-10-02T16:16:47.596203+00:00
epl:espn:401878758,401878758,espn,2026-10-02T11:56:13.778143+00:00,2026-11-07 12:30:00+00:00,eng.1:2026-27,eng.1-2026-27-v1,2026-11-07,12:30,Leeds,Tottenham,epl:leeds,epl:tottenham,STATUS_SCHEDULED,81,47.979166666666664,9.0,1.4,0.6,0.4,0.3,12.447133723087195,14.056335565411432,157,49.041666666666664,2.0,0.4,1.6,-0.4,0.4,14.445925331015022,12.988225257468663,9.0,2.0,47.979166666666664,49.041666666666664,2026-10-02T16:16:40.814981+00:00,0.19784425875472655,0.3140503092817492,0.48810543196352424,Away Win,Tottenham,0.48810543196352424,79.05778184621745,0.2094221815378254,Moderate Risk,No Clear Edge,No bet,Market odds unavailable; betting value cannot be established.,2026-10-02T16:16:47.596203+00:00
epl:espn:401878760,401878760,espn,2026-10-02T11:56:13.778143+00:00,2026-11-07 15:00:00+00:00,eng.1:2026-27,eng.1-2026-27-v1,2026-11-07,15:00,Arsenal,Hull City,epl:arsenal,epl:hull-city,STATUS_SCHEDULED,157,49.041666666666664,12.0,1.6,0.8,1.1,0.7,13.261503483189976,10.717761531447,0,,,,,,,,,12.0,,49.041666666666664,,2026-10-02T16:16:40.814981+00:00,0.6400707907103366,0.305387584422678,0.05454162486698549,Home Win,Arsenal,0.6400707907103366,58.89723712388697,0.41102762876113025,Low Risk,Consider Home,No bet,Market odds unavailable; betting value cannot be established.,2026-10-02T16:16:47.596203+00:00
epl:espn:401879241,401879241,espn,2026-10-02T11:56:13.778143+00:00,2026-11-07 15:00:00+00:00,eng.1:2026-27,eng.1-2026-27-v1,2026-11-07,15:00,Fulham,Newcastle,epl:fulham,epl:newcastle,STATUS_SCHEDULED,157,47.979166666666664,2.0,1.0,1.6,-0.4,0.3,14.321733737432316,15.410375397797022,157,49.041666666666664,8.0,1.8,1.8,0.1,0.1,10.874993891796592,17.825883205152273,2.0,8.0,47.979166666666664,49.041666666666664,2026-10-02T16:16:40.814981+00:00,0.37761841883686925,0.3203252952064776,0.30205628595665307,Home Win,Fulham,0.37761841883686925,93.71467431196618,0.06285325688033817,Critical Risk,No Clear Edge,No bet,Market odds unavailable; betting value cannot be established.,2026-10-02T16:16:47.596203+00:00
epl:espn:401878757,401878757,espn,2026-10-02T11:56:13.778143+00:00,2026-11-07 17:30:00+00:00,eng.1:2026-27,eng.1-2026-27-v1,2026-11-07,17:30,Nott'm Forest,Man City,epl:nott-m-forest,epl:man-city,STATUS_SCHEDULED,157,49.041666666666664,5.0,0.8,1.0,0.5,0.2,15.833321429518687,12.455020494087236,157,48.1875,15.0,2.6,1.0,1.3,0.4,15.05283523493529,11.716237651006665,5.0,15.0,49.041666666666664,48.1875,2026-10-02T16:16:40.814981+00:00,0.3130034322322744,0.289627950202954,0.39736861756477154,Away Win,Man City,0.39736861756477154,90.85205375281444,0.09147946247185551,High Risk,No Clear Edge,No bet,Market odds unavailable; betting value cannot be established.,2026-10-02T16:16:47.596203+00:00
epl:espn:401879244,401879244,espn,2026-10-02T11:56:13.778143+00:00,2026-11-08 14:00:00+00:00,eng.1:2026-27,eng.1-2026-27-v1,2026-11-08,14:00,Brighton,Brentford,epl:brighton,epl:brentford,STATUS_SCHEDULED,157,50.0,10.0,3.2,1.0,1.1,0.5,17.084160020185223,11.06021812155375,157,50.791666666666664,9.0,2.0,0.8,0.5,0.3,13.410353329690544,14.885551750308434,10.0,9.0,50.0,50.791666666666664,2026-10-02T16:16:40.814981+00:00,0.474570827047811,0.3205549401338222,0.2048742328183668,Home Win,Brighton,0.474570827047811,81.07769412943509,0.18922305870564915,High Risk,No Clear Edge,No bet,Market odds unavailable; betting value cannot be established.,2026-10-02T16:16:47.596203+00:00
epl:espn:401879243,401879243,espn,2026-10-02T11:56:13.778143+00:00,2026-11-08 14:00:00+00:00,eng.1:2026-27,eng.1-2026-27-v1,2026-11-08,14:00,Crystal Palace,Liverpool,epl:crystal-palace,epl:liverpool,STATUS_SCHEDULED,157,49.041666666666664,4.0,1.2,2.2,-1.2,0.1,11.02696914741359,15.193634364482012,157,49.041666666666664,9.0,1.4,0.8,0.2,0.3,14.69108737000026,11.614895661416774,4.0,9.0,49.041666666666664,49.041666666666664,2026-10-02T16:16:40.814981+00:00,0.22003853060757822,0.36400285228752854,0.4159586171048933,Away Win,Liverpool,0.4159586171048933,90.4229006845259,0.09577099315474101,High Risk,No Clear Edge,No bet,Market odds unavailable; betting value cannot be established.,2026-10-02T16:16:47.596203+00:00
epl:espn:401878759,401878759,espn,2026-10-02T11:56:13.778143+00:00,2026-11-08 14:00:00+00:00,eng.1:2026-27,eng.1-2026-27-v1,2026-11-08,14:00,Ipswich Town,Bournemouth,epl:ipswich-town,epl:bournemouth,STATUS_SCHEDULED,0,,,,,,,,,157,49.041666666666664,3.0,1.2,1.6,0.2,0.2,13.85646740158715,11.394766929543017,,3.0,,49.041666666666664,2026-10-02T16:16:40.814981+00:00,0.12498022255083471,0.17130334438112987,0.7037164330680354,Away Win,Bournemouth,0.7037164330680354,45.348856988648286,0.5465114301135171,Low Risk,Strong Away Lean,No bet,Market odds unavailable; betting value cannot be established.,2026-10-02T16:16:47.596203+00:00
epl:espn:401879239,401879239,espn,2026-10-02T11:56:13.778143+00:00,2026-11-08 14:00:00+00:00,eng.1:2026-27,eng.1-2026-27-v1,2026-11-08,14:00,Sunderland,Chelsea,epl:sunderland,epl:chelsea,STATUS_SCHEDULED,43,49.041666666666664,4.0,1.2,2.0,-0.6,0.2,13.323966786543728,12.614092742579967,157,50.791666666666664,7.0,2.0,2.4,-0.7,0.0,13.113071710663979,13.246658394221875,4.0,7.0,49.041666666666664,50.791666666666664,2026-10-02T16:16:40.814981+00:00,0.1506273861545577,0.19818422212923203,0.6511883917162103,Away Win,Chelsea,0.6511883917162103,53.252201076855556,0.4674779892314444,Low Risk,Strong Away Lean,No bet,Market odds unavailable; betting value cannot be established.,2026-10-02T16:16:47.596203+00:00
epl:espn:401879240,401879240,espn,2026-10-02T11:56:13.778143+00:00,2026-11-08 16:30:00+00:00,eng.1:2026-27,eng.1-2026-27-v1,2026-11-08,16:30,Man United,Aston Villa,epl:man-united,epl:aston-villa,STATUS_SCHEDULED,157,49.041666666666664,5.0,1.6,1.6,0.6,0.2,20.007336943687946,11.602059040235673,157,50.208333333333336,4.0,0.8,1.8,-0.4,0.1,11.304769634325872,15.684273015669335,5.0,4.0,49.041666666666664,50.208333333333336,2026-10-02T16:16:40.814981+00:00,0.5110896495465214,0.2843640941471764,0.2045462563063023,Home Win,Man United,0.5110896495465214,74.89820591708238,0.25101794082917617,Moderate Risk,No Clear Edge,No bet,Market odds unavailable; betting value cannot be established.,2026-10-02T16:16:47.596203+00:00
epl:espn:401879233,401879233,espn,2026-10-02T11:56:13.778143+00:00,2026-11-21 12:30:00+00:00,eng.1:2026-27,eng.1-2026-27-v1,2026-11-21,12:30,Man City,Fulham,epl:man-city,epl:fulham,STATUS_SCHEDULED,157,61.979166666666664,15.0,2.6,1.0,1.3,0.4,15.05283523493529,11.716237651006665,157,61.875,2.0,1.0,1.6,-0.4,0.3,14.321733737432316,15.410375397797022,15.0,2.0,61.979166666666664,61.875,2026-10-02T16:16:40.814981+00:00,0.42328291391380696,0.3771032798482832,0.19961380623790986,Home Win,Man City,0.42328291391380696,89.98018304878408,0.10019816951215908,High Risk,No Clear Edge,No bet,Market odds unavailable; betting value cannot be established.,2026-10-02T16:16:47.596203+00:00
epl:espn:401879238,401879238,espn,2026-10-02T11:56:13.778143+00:00,2026-11-21 15:00:00+00:00,eng.1:2026-27,eng.1-2026-27-v1,2026-11-21,15:00,Bournemouth,Nott'm Forest,epl:bournemouth,epl:nott-m-forest,STATUS_SCHEDULED,157,62.083333333333336,3.0,1.2,1.6,0.2,0.2,13.85646740158715,11.394766929543017,157,62.9375,5.0,0.8,1.0,0.5,0.2,15.833321429518687,12.455020494087236,3.0,5.0,62.083333333333336,62.9375,2026-10-02T16:16:40.814981+00:00,0.30870297155189186,0.35448775698754237,0.3368092714605658,Draw,Draw,0.35448775698754237,97.37674231964705,0.026232576803529535,Critical Risk,No Clear Edge,No bet,Market odds unavailable; betting value cannot be established.,2026-10-02T16:16:47.596203+00:00
epl:espn:401878756,401878756,espn,2026-10-02T11:56:13.778143+00:00,2026-11-21 15:00:00+00:00,eng.1:2026-27,eng.1-2026-27-v1,2026-11-21,15:00,Aston Villa,Sunderland,epl:aston-villa,epl:sunderland,STATUS_SCHEDULED,157,63.145833333333336,4.0,0.8,1.8,-0.4,0.1,11.304769634325872,15.684273015669335,43,62.083333333333336,4.0,1.2,2.0,-0.6,0.2,13.323966786543728,12.614092742579967,4.0,4.0,63.145833333333336,62.083333333333336,2026-10-02T16:16:40.814981+00:00,0.46989592030232724,0.34227270076770916,0.1878313789299636,Home Win,Aston Villa,0.46989592030232724,82.53728999060681,0.17462710009393195,High Risk,No Clear Edge,No bet,Market odds unavailable; betting value cannot be established.,2026-10-02T16:16:47.596203+00:00
epl:espn:401879236,401879236,espn,2026-10-02T11:56:13.778143+00:00,2026-11-21 15:00:00+00:00,eng.1:2026-27,eng.1-2026-27-v1,2026-11-21,15:00,Chelsea,Leeds,epl:chelsea,epl:leeds,STATUS_SCHEDULED,157,63.833333333333336,7.0,2.0,2.4,-0.7,0.0,13.113071710663979,13.246658394221875,81,62.083333333333336,9.0,1.4,0.6,0.4,0.3,12.447133723087195,14.056335565411432,7.0,9.0,63.833333333333336,62.083333333333336,2026-10-02T16:16:40.814981+00:00,0.47374525578210414,0.3568786576074088,0.16937608661048711,Home Win,Chelsea,0.47374525578210414,82.60674019566763,0.1739325980433237,High Risk,No Clear Edge,No bet,Market odds unavailable; betting value cannot be established.,2026-10-02T16:16:47.596203+00:00
epl:espn:401879235,401879235,espn,2026-10-02T11:56:13.778143+00:00,2026-11-21 15:00:00+00:00,eng.1:2026-27,eng.1-2026-27-v1,2026-11-21,15:00,Coventry City,Crystal Palace,epl:coventry-city,epl:crystal-palace,STATUS_SCHEDULED,0,,,,,,,,,157,62.083333333333336,4.0,1.2,2.2,-1.2,0.1,11.02696914741359,15.193634364482012,,4.0,,62.083333333333336,2026-10-02T16:16:40.814981+00:00,0.17959761694920073,0.155181415163015,0.6652209678877843,Away Win,Crystal Palace,0.6652209678877843,50.694563112649035,0.4930543688735096,Low Risk,Strong Away Lean,No bet,Market odds unavailable; betting value cannot be established.,2026-10-02T16:16:47.596203+00:00
epl:espn:401878754,401878754,espn,2026-10-02T11:56:13.778143+00:00,2026-11-21 15:00:00+00:00,eng.1:2026-27,eng.1-2026-27-v1,2026-11-21,15:00,Tottenham,Ipswich Town,epl:tottenham,epl:ipswich-town,STATUS_SCHEDULED,157,63.145833333333336,2.0,0.4,1.6,-0.4,0.4,14.445925331015022,12.988225257468663,0,,,,,,,,,2.0,,63.145833333333336,,2026-10-02T16:16:40.814981+00:00,0.5540800325538904,0.352945212184928,0.09297475526118161,Home Win,Tottenham,0.5540800325538904,71.97437362194627,0.2802562637805373,Moderate Risk,Consider Home,No bet,Market odds unavailable; betting value cannot be established.,2026-10-02T16:16:47.596203+00:00
epl:espn:401879232,401879232,espn,2026-10-02T11:56:13.778143+00:00,2026-11-21 17:30:00+00:00,eng.1:2026-27,eng.1-2026-27-v1,2026-11-21,17:30,Newcastle,Arsenal,epl:newcastle,epl:arsenal,STATUS_SCHEDULED,157,63.145833333333336,8.0,1.8,1.8,0.1,0.1,10.874993891796592,17.825883205152273,157,63.145833333333336,12.0,1.6,0.8,1.1,0.7,13.261503483189976,10.717761531447,8.0,12.0,63.145833333333336,63.145833333333336,2026-10-02T16:16:40.814981+00:00,0.2080823226276449,0.4193830893919152,0.3725345879804399,Draw,Draw,0.4193830893919152,90.31008091333263,0.09689919086667377,High Risk,No Clear Edge,No bet,Market odds unavailable; betting value cannot be established.,2026-10-02T16:16:47.596203+00:00
epl:espn:401879234,401879234,espn,2026-10-02T11:56:13.778143+00:00,2026-11-22 14:00:00+00:00,eng.1:2026-27,eng.1-2026-27-v1,2026-11-22,14:00,Hull City,Brighton,epl:hull-city,epl:brighton,STATUS_SCHEDULED,0,,,,,,,,,157,64.0,10.0,3.2,1.0,1.1,0.5,17.084160020185223,11.06021812155375,,10.0,,64.0,2026-10-02T16:16:40.814981+00:00,0.08838391529306933,0.12172023571838865,0.789895848988542,Away Win,Brighton,0.789895848988542,32.16785500786625,0.6783214499213375,Low Risk,Strong Away Lean,No bet,Market odds unavailable; betting value cannot be established.,2026-10-02T16:16:47.596203+00:00
epl:espn:401878755,401878755,espn,2026-10-02T11:56:13.778143+00:00,2026-11-22 16:30:00+00:00,eng.1:2026-27,eng.1-2026-27-v1,2026-11-22,16:30,Liverpool,Man United,epl:liverpool,epl:man-united,STATUS_SCHEDULED,157,63.145833333333336,9.0,1.4,0.8,0.2,0.3,14.69108737000026,11.614895661416774,157,63.041666666666664,5.0,1.6,1.6,0.6,0.2,20.007336943687946,11.602059040235673,9.0,5.0,63.145833333333336,63.041666666666664,2026-10-02T16:16:40.814981+00:00,0.25944640410949943,0.3041004168235972,0.43645317906690345,Away Win,Man United,0.43645317906690345,85.40568860610988,0.14594311393890125,High Risk,No Clear Edge,No bet,Market odds unavailable; betting value cannot be established.,2026-10-02T16:16:47.596203+00:00
epl:espn:401879237,401879237,espn,2026-10-02T11:56:13.778143+00:00,2026-11-23 20:00:00+00:00,eng.1:2026-27,eng.1-2026-27-v1,2026-11-23,20:00,Brentford,Everton,epl:brentford,epl:everton,STATUS_SCHEDULED,157,66.04166666666667,9.0,2.0,0.8,0.5,0.3,13.410353329690544,14.885551750308434,157,65.25,9.0,1.2,0.6,-0.1,0.3,14.420766285834096,14.460665954873736,9.0,9.0,66.04166666666667,65.25,2026-10-02T16:16:40.814981+00:00,0.3283285480301702,0.3615461322648412,0.3101253197049885,Draw,Draw,0.3615461322648412,96.12423027967955,0.038757697203204565,Critical Risk,No Clear Edge,No bet,Market odds unavailable; betting value cannot be established.,2026-10-02T16:16:47.596203+00:00
epl:espn:401879225,401879225,espn,2026-10-02T11:56:13.778143+00:00,2026-11-27 20:00:00+00:00,eng.1:2026-27,eng.1-2026-27-v1,2026-11-27,20:00,Nott'm Forest,Chelsea,epl:nott-m-forest,epl:chelsea,STATUS_SCHEDULED,157,69.14583333333333,5.0,0.8,1.0,0.5,0.2,15.833321429518687,12.455020494087236,157,70.04166666666667,7.0,2.0,2.4,-0.7,0.0,13.113071710663979,13.246658394221875,5.0,7.0,69.14583333333333,70.04166666666667,2026-10-02T16:16:40.814981+00:00,0.359961837464939,0.2696067227941188,0.3704314397409422,Away Win,Chelsea,0.3704314397409422,96.20310149980949,0.03796898500190506,Critical Risk,No Clear Edge,No bet,Market odds unavailable; betting value cannot be established.,2026-10-02T16:16:47.596203+00:00
epl:espn:401879227,401879227,espn,2026-10-02T11:56:13.778143+00:00,2026-11-28 15:00:00+00:00,eng.1:2026-27,eng.1-2026-27-v1,2026-11-28,15:00,Leeds,Coventry City,epl:leeds,epl:coventry-city,STATUS_SCHEDULED,81,69.08333333333333,9.0,1.4,0.6,0.4,0.3,12.447133723087195,14.056335565411432,0,,,,,,,,,9.0,,69.08333333333333,,2026-10-02T16:16:40.814981+00:00,0.4524145746744987,0.3814109464407722,0.16617447888472892,Home Win,Leeds,0.4524145746744987,86.34896207709559,0.13651037922904405,High Risk,No Clear Edge,No bet,Market odds unavailable; betting value cannot be established.,2026-10-02T16:16:47.596203+00:00
epl:espn:401879226,401879226,espn,2026-10-02T11:56:13.778143+00:00,2026-11-28 15:00:00+00:00,eng.1:2026-27,eng.1-2026-27-v1,2026-11-28,15:00,Man United,Brentford,epl:man-united,epl:brentford,STATUS_SCHEDULED,157,68.97916666666667,5.0,1.6,1.6,0.6,0.2,20.007336943687946,11.602059040235673,157,70.83333333333333,9.0,2.0,0.8,0.5,0.3,13.410353329690544,14.885551750308434,5.0,9.0,68.97916666666667,70.83333333333333,2026-10-02T16:16:40.814981+00:00,0.44413257063117484,0.3011026001776917,0.25476482919113347,Home Win,Man United,0.44413257063117484,84.28672296810427,0.1571327703189574,High Risk,No Clear Edge,No bet,Market odds unavailable; betting value cannot be established.,2026-10-02T16:16:47.596203+00:00
epl:espn:401878752,401878752,espn,2026-10-02T11:56:13.778143+00:00,2026-11-28 17:30:00+00:00,eng.1:2026-27,eng.1-2026-27-v1,2026-11-28,17:30,Ipswich Town,Aston Villa,epl:ipswich-town,epl:aston-villa,STATUS_SCHEDULED,0,,,,,,,,,157,70.25,4.0,0.8,1.8,-0.4,0.1,11.304769634325872,15.684273015669335,,4.0,,70.25,2026-10-02T16:16:40.814981+00:00,0.1868190788866787,0.16062050344983256,0.6525604176634887,Away Win,Aston Villa,0.6525604176634887,52.62851817424108,0.4737148182575892,Low Risk,Strong Away Lean,No bet,Market odds unavailable; betting value cannot be established.,2026-10-02T16:16:47.596203+00:00
epl:espn:401879229,401879229,espn,2026-10-02T11:56:13.778143+00:00,2026-11-29 12:00:00+00:00,eng.1:2026-27,eng.1-2026-27-v1,2026-11-29,12:00,Everton,Liverpool,epl:everton,epl:liverpool,STATUS_SCHEDULED,157,70.91666666666667,9.0,1.2,0.6,-0.1,0.3,14.420766285834096,14.460665954873736,157,69.95833333333333,9.0,1.4,0.8,0.2,0.3,14.69108737000026,11.614895661416774,9.0,9.0,70.91666666666667,69.95833333333333,2026-10-02T16:16:40.814981+00:00,0.2725375557465502,0.33454005263215936,0.3929223916212905,Away Win,Liverpool,0.3929223916212905,92.27473358717704,0.0772526641282296,Critical Risk,No Clear Edge,No bet,Market odds unavailable; betting value cannot be established.,2026-10-02T16:16:47.596203+00:00
epl:espn:401879231,401879231,espn,2026-10-02T11:56:13.778143+00:00,2026-11-29 14:05:00+00:00,eng.1:2026-27,eng.1-2026-27-v1,2026-11-29,14:05,Brighton,Newcastle,epl:brighton,epl:newcastle,STATUS_SCHEDULED,157,71.00347222222223,10.0,3.2,1.0,1.1,0.5,17.084160020185223,11.06021812155375,157,71.00347222222223,8.0,1.8,1.8,0.1,0.1,10.874993891796592,17.825883205152273,10.0,8.0,71.00347222222223,71.00347222222223,2026-10-02T16:16:40.814981+00:00,0.5296650018645184,0.28861652690425127,0.18171847123123047,Home Win,Brighton,0.5296650018645184,72.64173341827266,0.2735826658172734,Moderate Risk,No Clear Edge,No bet,Market odds unavailable; betting value cannot be established.,2026-10-02T16:16:47.596203+00:00
epl:espn:401879230,401879230,espn,2026-10-02T11:56:13.778143+00:00,2026-11-29 14:05:00+00:00,eng.1:2026-27,eng.1-2026-27-v1,2026-11-29,14:05,Crystal Palace,Hull City,epl:crystal-palace,epl:hull-city,STATUS_SCHEDULED,157,70.04513888888889,4.0,1.2,2.2,-1.2,0.1,11.02696914741359,15.193634364482012,0,,,,,,,,,4.0,,70.04513888888889,,2026-10-02T16:16:40.814981+00:00,0.46212433192066005,0.42629674113245003,0.11157892694688983,Home Win,Crystal Palace,0.46212433192066005,86.83887266335759,0.13161127336642403,High Risk,No Clear Edge,No bet,Market odds unavailable; betting value cannot be established.,2026-10-02T16:16:47.596203+00:00
epl:espn:401879228,401879228,espn,2026-10-02T11:56:13.778143+00:00,2026-11-29 14:05:00+00:00,eng.1:2026-27,eng.1-2026-27-v1,2026-11-29,14:05,Fulham,Bournemouth,epl:fulham,epl:bournemouth,STATUS_SCHEDULED,157,69.94097222222223,2.0,1.0,1.6,-0.4,0.3,14.321733737432316,15.410375397797022,157,70.04513888888889,3.0,1.2,1.6,0.2,0.2,13.85646740158715,11.394766929543017,2.0,3.0,69.94097222222223,70.04513888888889,2026-10-02T16:16:40.814981+00:00,0.24826152239034968,0.3585573346270175,0.39318114298263285,Away Win,Bournemouth,0.39318114298263285,93.18079009636597,0.06819209903634031,Critical Risk,No Clear Edge,No bet,Market odds unavailable; betting value cannot be established.,2026-10-02T16:16:47.596203+00:00
epl:espn:401879224,401879224,espn,2026-10-02T11:56:13.778143+00:00,2026-11-29 14:05:00+00:00,eng.1:2026-27,eng.1-2026-27-v1,2026-11-29,14:05,Sunderland,Tottenham,epl:sunderland,epl:tottenham,STATUS_SCHEDULED,43,70.04513888888889,4.0,1.2,2.0,-0.6,0.2,13.323966786543728,12.614092742579967,157,71.10763888888889,2.0,0.4,1.6,-0.4,0.4,14.445925331015022,12.988225257468663,4.0,2.0,70.04513888888889,71.10763888888889,2026-10-02T16:16:40.814981+00:00,0.13299609108620034,0.2662729478971241,0.6007309610166756,Away Win,Tottenham,0.6007309610166756,62.49794652423412,0.37502053475765873,Moderate Risk,Consider Away,No bet,Market odds unavailable; betting value cannot be established.,2026-10-02T16:16:47.596203+00:00
epl:espn:401878753,401878753,espn,2026-10-02T11:56:13.778143+00:00,2026-11-29 16:30:00+00:00,eng.1:2026-27,eng.1-2026-27-v1,2026-11-29,16:30,Arsenal,Man City,epl:arsenal,epl:man-city,STATUS_SCHEDULED,157,71.10416666666667,12.0,1.6,0.8,1.1,0.7,13.261503483189976,10.717761531447,157,70.14583333333333,15.0,2.6,1.0,1.3,0.4,15.05283523493529,11.716237651006665,12.0,15.0,71.10416666666667,70.14583333333333,2026-10-02T16:16:40.814981+00:00,0.3208431717146811,0.3565875746631202,0.3225692536221988,Draw,Draw,0.3565875746631202,96.54563496828776,0.0345436503171225,Critical Risk,No Clear Edge,No bet,Market odds unavailable; betting value cannot be established.,2026-10-02T16:16:47.596203+00:00
